Loan_ID,Gender,Married,Dependents,Education,Self_Employed,ApplicantIncome,CoapplicantIncome,LoanAmount,Loan_Amount_Term,Credit_History,Property_Area,Loan_Status,Dependents_Num,TotalIncome,Loan_Status_Label,Approval_Flag,Loan_to_Income_Ratio,Estimated_EMI
LN100001,Male,Yes,0,Graduate,No,3379,0,80.0,360.0,1.0,Semiurban,Y,0,3379,Approved,1,2.367564368156259,222.22222222222223
LN100002,Female,Yes,0,Not Graduate,No,1429,0,40.0,360.0,1.0,Semiurban,Y,0,1429,Approved,1,2.7991602519244227,111.11111111111111
LN100003,Male,No,2,Graduate,No,3692,4860,162.0,180.0,1.0,Rural,N,2,8552,Rejected,0,1.8942937324602431,900.0
LN100004,Male,No,0,Graduate,No,6976,2209,242.0,360.0,0.0,Rural,N,0,9185,Rejected,0,2.6347305389221556,672.2222222222222
LN100005,Male,No,0,Graduate,No,5825,0,168.0,360.0,1.0,Urban,N,0,5825,Rejected,0,2.88412017167382,466.6666666666667
LN100006,Male,No,2,Not Graduate,No,5527,0,164.0,360.0,0.0,Rural,N,2,5527,Rejected,0,2.967251673602316,455.55555555555554
LN100007,Male,No,0,Not Graduate,No,3934,3643,154.0,360.0,1.0,Semiurban,N,0,7577,Rejected,0,2.0324666754652236,427.77777777777777
LN100008,Female,No,2,Graduate,No,2435,0,74.0,180.0,0.0,Urban,Y,2,2435,Approved,1,3.0390143737166326,411.1111111111111
LN100009,Male,Yes,0,Graduate,No,5763,1662,202.0,360.0,1.0,Rural,Y,0,7425,Approved,1,2.7205387205387206,561.1111111111111
LN100010,Male,Yes,0,Graduate,Yes,3015,2666,172.0,360.0,1.0,Semiurban,N,0,5681,Rejected,0,3.02763597958106,477.77777777777777
LN100011,Male,Yes,0,Graduate,Yes,12838,3115,396.0,360.0,1.0,Rural,Y,0,15953,Approved,1,2.4822917319626403,1100.0
LN100012,Female,No,0,Graduate,No,5918,1311,185.0,360.0,1.0,Urban,N,0,7229,Rejected,0,2.5591368100705494,513.8888888888889
LN100013,Female,No,2,Graduate,No,3405,0,105.0,360.0,0.0,Urban,N,2,3405,Rejected,0,3.0837004405286343,291.6666666666667
LN100014,Male,Yes,0,Graduate,No,3356,964,132.0,360.0,1.0,Semiurban,Y,0,4320,Approved,1,3.0555555555555554,366.6666666666667
LN100015,Male,No,0,Graduate,No,4304,792,124.0,360.0,0.0,Urban,N,0,5096,Rejected,0,2.4332810047095763,344.44444444444446
LN100016,Male,No,0,Graduate,No,4011,0,88.0,360.0,1.0,Rural,Y,0,4011,Approved,1,2.193966591872351,244.44444444444446
LN100017,Male,Yes,0,Graduate,No,7692,1948,227.0,360.0,1.0,Urban,N,0,9640,Rejected,0,2.354771784232365,630.5555555555555
LN100018,Male,Yes,2,Graduate,No,4921,0,115.0,180.0,1.0,Semiurban,N,2,4921,Rejected,0,2.336923389554969,638.8888888888889
LN100019,Male,No,0,Graduate,No,3167,0,70.0,180.0,1.0,Urban,Y,0,3167,Approved,1,2.2102936532996527,388.8888888888889
LN100020,Male,Yes,1,Not Graduate,No,11151,0,243.0,180.0,1.0,Urban,Y,1,11151,Approved,1,2.1791767554479415,1350.0
LN100021,Male,No,3+,Graduate,No,4608,2428,211.0,360.0,0.0,Rural,N,3,7036,Rejected,0,2.998862990335418,586.1111111111111
LN100022,Male,Yes,0,Graduate,No,6509,0,124.0,360.0,0.0,Urban,Y,0,6509,Approved,1,1.905054539867875,344.44444444444446
LN100023,Male,No,3+,Graduate,No,3361,6174,262.0,360.0,0.0,Semiurban,Y,3,9535,Approved,1,2.7477713686418457,727.7777777777778
LN100024,Male,No,0,Graduate,No,5357,1036,131.0,360.0,0.0,Rural,N,0,6393,Rejected,0,2.0491162208665727,363.8888888888889
LN100025,Male,No,0,Graduate,No,5225,0,119.0,180.0,1.0,Semiurban,Y,0,5225,Approved,1,2.277511961722488,661.1111111111111
LN100026,Male,Yes,0,Graduate,No,1817,0,40.0,300.0,0.0,Rural,Y,0,1817,Approved,1,2.2014309301045683,133.33333333333334
LN100027,Male,No,1,Not Graduate,No,11839,3622,337.0,360.0,1.0,Urban,N,1,15461,Rejected,0,2.1796778992303216,936.1111111111111
LN100028,Male,No,3+,Graduate,No,8361,0,240.0,360.0,0.0,Urban,N,3,8361,Rejected,0,2.8704700394689633,666.6666666666666
LN100029,Male,Yes,0,Graduate,No,3719,1785,167.0,240.0,1.0,Rural,N,0,5504,Rejected,0,3.034156976744186,695.8333333333334
LN100030,Male,No,1,Graduate,No,2651,0,56.0,240.0,1.0,Semiurban,N,1,2651,Rejected,0,2.1124104111655977,233.33333333333334
LN100031,Male,Yes,0,Graduate,No,5317,0,130.0,360.0,1.0,Semiurban,Y,0,5317,Approved,1,2.444987775061125,361.1111111111111
LN100032,Male,Yes,0,Graduate,No,4691,3498,201.0,360.0,1.0,Semiurban,Y,0,8189,Approved,1,2.4545121504457197,558.3333333333334
LN100033,Male,Yes,0,Graduate,Yes,5338,0,161.0,240.0,1.0,Semiurban,Y,0,5338,Approved,1,3.01611090295991,670.8333333333334
LN100034,Female,Yes,3+,Graduate,No,4933,0,141.0,360.0,0.0,Urban,N,3,4933,Rejected,0,2.8583012365700387,391.6666666666667
LN100035,Female,Yes,1,Graduate,No,5738,0,145.0,360.0,1.0,Rural,N,1,5738,Rejected,0,2.5270128964796097,402.77777777777777
LN100036,Female,Yes,0,Graduate,No,9014,0,247.0,360.0,1.0,Semiurban,N,0,9014,Rejected,0,2.74018193920568,686.1111111111111
LN100037,Male,Yes,0,Graduate,No,5911,0,177.0,360.0,1.0,Semiurban,N,0,5911,Rejected,0,2.994417188293013,491.6666666666667
LN100038,Male,No,0,Not Graduate,No,2719,2373,92.0,240.0,1.0,Rural,N,0,5092,Rejected,0,1.8067556952081696,383.3333333333333
LN100039,Male,Yes,0,Graduate,No,8655,0,205.0,360.0,1.0,Semiurban,Y,0,8655,Approved,1,2.368573079145003,569.4444444444445
LN100040,Male,Yes,0,Graduate,No,9890,0,304.0,360.0,1.0,Urban,Y,0,9890,Approved,1,3.0738119312436805,844.4444444444445
LN100041,Male,Yes,2,Graduate,No,20431,8532,600.0,300.0,0.0,Rural,Y,2,28963,Approved,1,2.071608604081069,2000.0
LN100042,Male,No,0,Not Graduate,No,2624,0,67.0,360.0,1.0,Rural,Y,0,2624,Approved,1,2.5533536585365852,186.11111111111111
LN100043,Male,Yes,0,Graduate,No,5056,0,128.0,360.0,1.0,Semiurban,Y,0,5056,Approved,1,2.5316455696202533,355.55555555555554
LN100044,Female,Yes,0,Graduate,No,1656,1452,71.0,360.0,1.0,Urban,Y,0,3108,Approved,1,2.2844272844272844,197.22222222222223
LN100045,Male,No,2,Graduate,No,5868,3054,226.0,300.0,1.0,Urban,Y,2,8922,Approved,1,2.533064335350818,753.3333333333334
LN100046,Male,Yes,1,Graduate,No,3459,1072,123.0,360.0,1.0,Semiurban,Y,1,4531,Approved,1,2.714632531450011,341.6666666666667
LN100047,Male,Yes,0,Graduate,No,11329,3354,350.0,120.0,1.0,Semiurban,Y,0,14683,Approved,1,2.3837090512837977,2916.6666666666665
LN100048,Male,Yes,1,Graduate,No,3103,0,87.0,360.0,1.0,Rural,Y,1,3103,Approved,1,2.803738317757009,241.66666666666666
LN100049,Male,No,0,Graduate,No,2000,2548,137.0,240.0,1.0,Rural,Y,0,4548,Approved,1,3.0123131046613896,570.8333333333334
LN100050,Male,Yes,0,Graduate,No,3589,0,72.0,180.0,0.0,Rural,N,0,3589,Rejected,0,2.0061298411813877,400.0
LN100051,Female,No,0,Graduate,No,1743,0,42.0,360.0,1.0,Semiurban,N,0,1743,Rejected,0,2.4096385542168677,116.66666666666667
LN100052,Male,Yes,0,Graduate,No,6453,0,153.0,360.0,1.0,Rural,Y,0,6453,Approved,1,2.3709902370990235,425.0
LN100053,Female,No,0,Graduate,No,1670,0,46.0,360.0,1.0,Semiurban,Y,0,1670,Approved,1,2.754491017964072,127.77777777777777
LN100054,Female,No,3+,Graduate,No,4562,0,98.0,360.0,0.0,Urban,N,3,4562,Rejected,0,2.1481806225339763,272.22222222222223
LN100055,Male,No,2,Graduate,No,1660,2285,106.0,300.0,1.0,Urban,N,2,3945,Rejected,0,2.6869455006337137,353.3333333333333
LN100056,Female,Yes,1,Not Graduate,Yes,3859,0,117.0,360.0,0.0,Semiurban,N,1,3859,Rejected,0,3.0318735423684893,325.0
LN100057,Male,No,0,Graduate,No,9904,0,236.0,360.0,1.0,Rural,Y,0,9904,Approved,1,2.382875605815832,655.5555555555555
LN100058,Male,Yes,0,Graduate,Yes,5350,0,165.0,300.0,1.0,Urban,Y,0,5350,Approved,1,3.08411214953271,550.0
LN100059,Male,Yes,1,Graduate,No,2973,0,95.0,360.0,1.0,Urban,Y,1,2973,Approved,1,3.195425496131853,263.8888888888889
LN100060,Male,Yes,0,Not Graduate,No,4433,2659,138.0,180.0,1.0,Rural,Y,0,7092,Approved,1,1.94585448392555,766.6666666666666
LN100061,Male,No,0,Graduate,No,4539,0,97.0,480.0,1.0,Urban,N,0,4539,Rejected,0,2.1370345891165456,202.08333333333334
LN100062,Male,No,0,Graduate,No,5646,0,177.0,360.0,1.0,Rural,N,0,5646,Rejected,0,3.1349628055260363,491.6666666666667
LN100063,Female,No,2,Graduate,No,2335,0,73.0,360.0,0.0,Semiurban,Y,2,2335,Approved,1,3.126338329764454,202.77777777777777
LN100064,Male,Yes,0,Graduate,No,5981,2737,169.0,360.0,0.0,Urban,Y,0,8718,Approved,1,1.938518008717596,469.44444444444446
LN100065,Male,Yes,0,Graduate,No,1229,0,40.0,360.0,1.0,Rural,Y,0,1229,Approved,1,3.254678600488202,111.11111111111111
LN100066,Male,No,2,Graduate,Yes,3326,0,67.0,300.0,1.0,Urban,Y,2,3326,Approved,1,2.0144317498496696,223.33333333333334
LN100067,Male,Yes,0,Graduate,Yes,3560,0,137.0,360.0,1.0,Semiurban,Y,0,3560,Approved,1,3.8483146067415728,380.55555555555554
LN100068,Female,Yes,0,Not Graduate,No,6099,0,125.0,180.0,1.0,Urban,N,0,6099,Rejected,0,2.0495163141498605,694.4444444444445
LN100069,Male,Yes,0,Graduate,No,4549,0,114.0,360.0,1.0,Urban,N,0,4549,Rejected,0,2.5060452846779513,316.6666666666667
LN100070,Female,Yes,0,Graduate,No,2292,1639,117.0,360.0,0.0,Urban,Y,0,3931,Approved,1,2.976341897735945,325.0
LN100071,Male,Yes,2,Graduate,No,2805,3029,107.0,360.0,0.0,Urban,Y,2,5834,Approved,1,1.8340761055879329,297.22222222222223
LN100072,Male,Yes,0,Graduate,No,4950,2141,188.0,360.0,1.0,Urban,Y,0,7091,Approved,1,2.651248060922296,522.2222222222222
LN100073,Male,Yes,0,Graduate,No,4332,0,137.0,360.0,0.0,Rural,Y,0,4332,Approved,1,3.1625115420129273,380.55555555555554
LN100074,Female,Yes,2,Graduate,No,3408,0,102.0,360.0,1.0,Semiurban,N,2,3408,Rejected,0,2.992957746478873,283.3333333333333
LN100075,Male,No,2,Graduate,No,3573,0,78.0,180.0,1.0,Semiurban,Y,2,3573,Approved,1,2.18303946263644,433.3333333333333
LN100076,Male,Yes,2,Not Graduate,No,6285,2732,249.0,360.0,1.0,Semiurban,N,2,9017,Rejected,0,2.7614505933237217,691.6666666666666
LN100077,Male,Yes,0,Not Graduate,No,3510,559,112.0,240.0,1.0,Rural,Y,0,4069,Approved,1,2.752519046448759,466.6666666666667
LN100078,Male,No,0,Graduate,No,4314,1977,137.0,360.0,1.0,Rural,Y,0,6291,Approved,1,2.177714194881577,380.55555555555554
LN100079,Male,Yes,3+,Graduate,No,12751,0,236.0,180.0,1.0,Semiurban,Y,3,12751,Approved,1,1.8508352286095209,1311.111111111111
LN100080,Male,No,2,Not Graduate,No,2272,0,54.0,360.0,1.0,Rural,Y,2,2272,Approved,1,2.3767605633802815,150.0
LN100081,Female,No,0,Graduate,No,1850,0,41.0,360.0,1.0,Urban,Y,0,1850,Approved,1,2.2162162162162162,113.88888888888889
LN100082,Male,Yes,0,Not Graduate,No,6555,6382,379.0,300.0,0.0,Semiurban,Y,0,12937,Approved,1,2.9295818195872307,1263.3333333333333
LN100083,Male,Yes,0,Graduate,No,3249,2882,179.0,360.0,1.0,Semiurban,Y,0,6131,Approved,1,2.9195889740662206,497.22222222222223
LN100084,Male,No,2,Graduate,No,3863,1446,130.0,120.0,1.0,Semiurban,N,2,5309,Rejected,0,2.448672066302505,1083.3333333333333
LN100085,Male,No,0,Graduate,No,3093,0,82.0,360.0,1.0,Semiurban,Y,0,3093,Approved,1,2.651147752990624,227.77777777777777
LN100086,Male,Yes,0,Graduate,Yes,3972,0,105.0,120.0,1.0,Semiurban,Y,0,3972,Approved,1,2.643504531722054,875.0
LN100087,Male,Yes,0,Graduate,Yes,9693,1472,330.0,360.0,1.0,Rural,Y,0,11165,Approved,1,2.955665024630542,916.6666666666666
LN100088,Male,Yes,1,Graduate,No,6613,2803,226.0,360.0,0.0,Rural,N,1,9416,Rejected,0,2.40016992353441,627.7777777777778
LN100089,Female,No,2,Graduate,No,6807,0,149.0,360.0,1.0,Semiurban,N,2,6807,Rejected,0,2.1889231673277507,413.8888888888889
LN100090,Male,Yes,0,Graduate,Yes,2280,0,49.0,240.0,0.0,Semiurban,N,0,2280,Rejected,0,2.149122807017544,204.16666666666666
LN100091,Male,No,2,Graduate,No,2590,0,66.0,360.0,1.0,Urban,Y,2,2590,Approved,1,2.5482625482625485,183.33333333333334
LN100092,Male,Yes,3+,Not Graduate,No,1152,0,40.0,360.0,1.0,Urban,Y,3,1152,Approved,1,3.4722222222222223,111.11111111111111
LN100093,Male,Yes,0,Graduate,No,3051,0,74.0,360.0,0.0,Semiurban,Y,0,3051,Approved,1,2.4254342838413634,205.55555555555554
LN100094,Male,Yes,0,Not Graduate,No,7123,5443,242.0,360.0,0.0,Semiurban,Y,0,12566,Approved,1,1.9258316091039314,672.2222222222222
LN100095,Male,Yes,0,Graduate,No,5767,0,162.0,360.0,0.0,Urban,N,0,5767,Rejected,0,2.809086179989596,450.0
LN100096,Male,Yes,2,Graduate,No,4046,0,85.0,300.0,1.0,Rural,N,2,4046,Rejected,0,2.100840336134454,283.3333333333333
LN100097,Male,Yes,1,Not Graduate,Yes,4452,0,92.0,360.0,0.0,Semiurban,N,1,4452,Rejected,0,2.0664869721473496,255.55555555555554
LN100098,Male,Yes,1,Graduate,Yes,3233,2556,138.0,240.0,0.0,Semiurban,Y,1,5789,Approved,1,2.3838314043876316,575.0
LN100099,Male,No,2,Graduate,No,4965,2775,164.0,300.0,0.0,Urban,Y,2,7740,Approved,1,2.1188630490956073,546.6666666666666
LN100100,Male,Yes,0,Graduate,No,6499,0,170.0,300.0,1.0,Urban,Y,0,6499,Approved,1,2.61578704416064,566.6666666666666
LN100101,Male,Yes,2,Graduate,No,2072,2144,98.0,360.0,1.0,Rural,Y,2,4216,Approved,1,2.324478178368121,272.22222222222223
LN100102,Male,No,0,Graduate,No,5196,2313,182.0,360.0,0.0,Semiurban,Y,0,7509,Approved,1,2.4237581568784123,505.55555555555554
LN100103,Male,No,0,Not Graduate,No,7040,0,180.0,360.0,1.0,Rural,N,0,7040,Rejected,0,2.556818181818182,500.0
LN100104,Male,No,1,Graduate,No,3687,0,77.0,300.0,1.0,Rural,Y,1,3687,Approved,1,2.088418768646596,256.6666666666667
LN100105,Female,No,2,Graduate,No,6299,2818,184.0,360.0,1.0,Semiurban,Y,2,9117,Approved,1,2.0182077437753647,511.1111111111111
LN100106,Male,Yes,0,Graduate,No,17376,1903,585.0,360.0,1.0,Urban,N,0,19279,Rejected,0,3.034389750505732,1625.0
LN100107,Male,Yes,2,Graduate,No,4280,725,120.0,360.0,1.0,Rural,Y,2,5005,Approved,1,2.3976023976023977,333.3333333333333
LN100108,Male,No,2,Graduate,Yes,5435,6393,281.0,300.0,1.0,Rural,N,2,11828,Rejected,0,2.3757186337504224,936.6666666666666
LN100109,Male,No,0,Graduate,No,3158,1126,79.0,300.0,0.0,Semiurban,N,0,4284,Rejected,0,1.8440709617180207,263.3333333333333
LN100110,Male,Yes,3+,Graduate,No,4909,0,123.0,180.0,1.0,Rural,Y,3,4909,Approved,1,2.50560195559177,683.3333333333334
LN100111,Male,Yes,0,Graduate,No,5613,0,145.0,360.0,1.0,Rural,Y,0,5613,Approved,1,2.58328879387137,402.77777777777777
LN100112,Male,Yes,0,Graduate,No,4941,0,128.0,360.0,1.0,Semiurban,Y,0,4941,Approved,1,2.59056871078729,355.55555555555554
LN100113,Female,Yes,0,Graduate,Yes,2758,0,77.0,180.0,1.0,Semiurban,N,0,2758,Rejected,0,2.7918781725888326,427.77777777777777
LN100114,Female,Yes,2,Graduate,Yes,4969,629,115.0,300.0,1.0,Rural,N,2,5598,Rejected,0,2.0543051089674886,383.3333333333333
LN100115,Male,Yes,1,Graduate,No,9079,3995,281.0,360.0,1.0,Semiurban,Y,1,13074,Approved,1,2.149303962062108,780.5555555555555
LN100116,Female,Yes,0,Not Graduate,No,5581,1754,215.0,360.0,1.0,Urban,Y,0,7335,Approved,1,2.931152010906612,597.2222222222222
LN100117,Female,Yes,0,Graduate,No,7141,0,223.0,360.0,0.0,Semiurban,Y,0,7141,Approved,1,3.1228119311020865,619.4444444444445
LN100118,Male,No,1,Graduate,No,4016,1310,106.0,360.0,1.0,Urban,Y,1,5326,Approved,1,1.9902365752910254,294.44444444444446
LN100119,Female,Yes,0,Graduate,No,6450,0,161.0,360.0,1.0,Urban,Y,0,6450,Approved,1,2.496124031007752,447.22222222222223
LN100120,Male,Yes,2,Graduate,No,5146,0,108.0,240.0,1.0,Rural,Y,2,5146,Approved,1,2.0987174504469492,450.0
LN100121,Female,No,2,Graduate,No,2851,2928,109.0,360.0,1.0,Urban,Y,2,5779,Approved,1,1.8861394704966257,302.77777777777777
LN100122,Female,No,0,Graduate,No,5243,1842,160.0,360.0,1.0,Urban,N,0,7085,Rejected,0,2.2582921665490474,444.44444444444446
LN100123,Male,No,3+,Graduate,No,2796,3722,130.0,360.0,0.0,Urban,Y,3,6518,Approved,1,1.9944768333844738,361.1111111111111
LN100124,Male,No,0,Graduate,No,3321,0,93.0,360.0,1.0,Semiurban,N,0,3321,Rejected,0,2.8003613369467026,258.3333333333333
LN100125,Male,No,3+,Graduate,No,4928,0,126.0,360.0,1.0,Semiurban,N,3,4928,Rejected,0,2.556818181818182,350.0
LN100126,Male,Yes,1,Graduate,No,5190,0,104.0,360.0,1.0,Urban,Y,1,5190,Approved,1,2.003853564547206,288.8888888888889
LN100127,Female,Yes,1,Graduate,No,2543,0,46.0,360.0,1.0,Urban,Y,1,2543,Approved,1,1.8088871411718443,127.77777777777777
LN100128,Female,Yes,0,Graduate,No,7463,1785,271.0,120.0,0.0,Urban,N,0,9248,Rejected,0,2.930363321799308,2258.3333333333335
LN100129,Male,Yes,2,Not Graduate,No,5922,2056,163.0,360.0,1.0,Semiurban,Y,2,7978,Approved,1,2.0431185760842316,452.77777777777777
LN100130,Male,Yes,0,Not Graduate,Yes,3209,1658,129.0,360.0,1.0,Urban,Y,0,4867,Approved,1,2.6505033901787547,358.3333333333333
LN100131,Male,No,0,Not Graduate,No,2151,0,49.0,360.0,1.0,Rural,Y,0,2151,Approved,1,2.278010227801023,136.11111111111111
LN100132,Male,Yes,0,Not Graduate,No,4198,5554,255.0,360.0,1.0,Semiurban,N,0,9752,Rejected,0,2.614848236259229,708.3333333333334
LN100133,Male,Yes,0,Not Graduate,No,3633,0,81.0,360.0,1.0,Urban,Y,0,3633,Approved,1,2.2295623451692816,225.0
LN100134,Male,Yes,0,Graduate,No,4751,779,137.0,360.0,1.0,Semiurban,Y,0,5530,Approved,1,2.477396021699819,380.55555555555554
LN100135,Female,No,1,Graduate,No,3780,0,80.0,360.0,1.0,Semiurban,Y,1,3780,Approved,1,2.1164021164021163,222.22222222222223
LN100136,Male,Yes,2,Graduate,Yes,1717,0,40.0,360.0,1.0,Semiurban,Y,2,1717,Approved,1,2.3296447291788,111.11111111111111
LN100137,Male,No,0,Graduate,No,3735,0,90.0,360.0,1.0,Urban,Y,0,3735,Approved,1,2.4096385542168677,250.0
LN100138,Male,Yes,1,Graduate,No,3886,1588,149.0,360.0,1.0,Semiurban,Y,1,5474,Approved,1,2.721958348556814,413.8888888888889
LN100139,Male,Yes,0,Graduate,No,6100,0,132.0,360.0,0.0,Rural,N,0,6100,Rejected,0,2.1639344262295084,366.6666666666667
LN100140,Female,Yes,2,Graduate,No,3219,0,58.0,360.0,1.0,Rural,N,2,3219,Rejected,0,1.8018018018018018,161.11111111111111
LN100141,Female,No,2,Graduate,No,10073,1654,296.0,360.0,0.0,Urban,N,2,11727,Rejected,0,2.524089707512578,822.2222222222222
LN100142,Male,Yes,0,Not Graduate,Yes,1798,0,137.0,360.0,1.0,Semiurban,Y,0,1798,Approved,1,7.6195773081201335,380.55555555555554
LN100143,Male,No,1,Graduate,Yes,8444,0,266.0,300.0,0.0,Semiurban,Y,1,8444,Approved,1,3.1501657981999056,886.6666666666666
LN100144,Male,Yes,0,Graduate,No,4041,0,106.0,360.0,1.0,Rural,N,0,4041,Rejected,0,2.6231130908191043,294.44444444444446
LN100145,Male,Yes,0,Graduate,No,6798,0,167.0,360.0,1.0,Rural,N,0,6798,Rejected,0,2.4566048837893497,463.8888888888889
LN100146,Male,No,2,Graduate,No,4676,1322,156.0,360.0,1.0,Urban,Y,2,5998,Approved,1,2.6008669556518837,433.3333333333333
LN100147,Male,No,0,Not Graduate,Yes,7776,873,268.0,360.0,1.0,Urban,Y,0,8649,Approved,1,3.09862411839519,744.4444444444445
LN100148,Male,No,0,Graduate,No,3736,0,111.0,300.0,1.0,Semiurban,Y,0,3736,Approved,1,2.9710920770877944,370.0
LN100149,Male,No,0,Not Graduate,No,2656,1470,93.0,360.0,1.0,Urban,N,0,4126,Rejected,0,2.2539990305380515,258.3333333333333
LN100150,Male,No,2,Graduate,No,8899,0,190.0,360.0,0.0,Semiurban,N,2,8899,Rejected,0,2.135071356332172,527.7777777777778
LN100151,Female,No,0,Graduate,Yes,4261,0,92.0,360.0,1.0,Urban,Y,0,4261,Approved,1,2.1591175780333254,255.55555555555554
LN100152,Male,No,0,Graduate,Yes,5005,0,125.0,240.0,1.0,Semiurban,N,0,5005,Rejected,0,2.4975024975024978,520.8333333333334
LN100153,Male,No,1,Graduate,No,8140,0,231.0,120.0,1.0,Rural,Y,1,8140,Approved,1,2.837837837837838,1925.0
LN100154,Male,No,2,Graduate,No,2742,0,69.0,360.0,1.0,Rural,N,2,2742,Rejected,0,2.516411378555799,191.66666666666666
LN100155,Female,Yes,0,Graduate,No,5989,956,132.0,360.0,1.0,Semiurban,Y,0,6945,Approved,1,1.900647948164147,366.6666666666667
LN100156,Male,No,0,Graduate,Yes,3390,7413,304.0,360.0,1.0,Semiurban,Y,0,10803,Approved,1,2.8140331389428863,844.4444444444445
LN100157,Male,Yes,0,Not Graduate,No,4223,0,124.0,240.0,1.0,Rural,Y,0,4223,Approved,1,2.9363012076722708,516.6666666666666
LN100158,Male,No,0,Graduate,No,4659,1454,135.0,360.0,1.0,Urban,Y,0,6113,Approved,1,2.2084083101586782,375.0
LN100159,Male,No,0,Not Graduate,No,2190,573,75.0,300.0,0.0,Semiurban,N,0,2763,Rejected,0,2.714440825190011,250.0
LN100160,Male,Yes,2,Graduate,No,3096,1990,122.0,300.0,1.0,Semiurban,Y,2,5086,Approved,1,2.3987416437278806,406.6666666666667
LN100161,Male,No,1,Graduate,No,8607,2156,328.0,360.0,0.0,Urban,Y,1,10763,Approved,1,3.0474774691071262,911.1111111111111
LN100162,Male,Yes,1,Graduate,Yes,6886,0,205.0,360.0,1.0,Semiurban,Y,1,6886,Approved,1,2.9770548939878014,569.4444444444445
LN100163,Male,Yes,0,Graduate,No,4367,1007,136.0,300.0,1.0,Urban,Y,0,5374,Approved,1,2.5307033866765907,453.3333333333333
LN100164,Male,No,2,Graduate,No,5057,931,137.0,360.0,1.0,Semiurban,N,2,5988,Rejected,0,2.2879091516366064,380.55555555555554
LN100165,Male,Yes,0,Graduate,No,3907,3352,220.0,240.0,1.0,Urban,N,0,7259,Rejected,0,3.030720484915278,916.6666666666666
LN100166,Female,No,3+,Graduate,No,8630,0,215.0,360.0,1.0,Urban,Y,3,8630,Approved,1,2.4913093858632678,597.2222222222222
LN100167,Male,No,1,Not Graduate,No,4087,0,91.0,360.0,1.0,Urban,Y,1,4087,Approved,1,2.2265720577440664,252.77777777777777
LN100168,Male,Yes,0,Graduate,Yes,5030,0,144.0,360.0,1.0,Rural,Y,0,5030,Approved,1,2.862823061630219,400.0
LN100169,Male,Yes,1,Graduate,No,7800,0,164.0,360.0,1.0,Semiurban,N,1,7800,Rejected,0,2.1025641025641026,455.55555555555554
LN100170,Male,Yes,0,Graduate,Yes,3099,0,73.0,360.0,0.0,Semiurban,N,0,3099,Rejected,0,2.355598580187157,202.77777777777777
LN100171,Male,Yes,1,Graduate,No,9510,2388,358.0,240.0,1.0,Semiurban,N,1,11898,Rejected,0,3.008909060346277,1491.6666666666667
LN100172,Male,No,0,Graduate,No,2159,0,61.0,360.0,1.0,Semiurban,N,0,2159,Rejected,0,2.825382121352478,169.44444444444446
LN100173,Male,Yes,0,Graduate,No,9839,2265,286.0,360.0,1.0,Urban,N,0,12104,Rejected,0,2.3628552544613353,794.4444444444445
LN100174,Male,Yes,2,Graduate,No,3763,0,79.0,300.0,1.0,Rural,N,2,3763,Rejected,0,2.099388785543449,263.3333333333333
LN100175,Male,Yes,0,Graduate,No,4005,1398,124.0,240.0,1.0,Urban,Y,0,5403,Approved,1,2.29502128447159,516.6666666666666
LN100176,Male,Yes,2,Graduate,No,1816,0,40.0,240.0,1.0,Urban,Y,2,1816,Approved,1,2.2026431718061676,166.66666666666666
LN100177,Male,No,0,Graduate,No,3617,0,74.0,240.0,1.0,Semiurban,Y,0,3617,Approved,1,2.045894387614045,308.3333333333333
LN100178,Male,Yes,1,Not Graduate,No,2732,380,88.0,360.0,0.0,Urban,Y,1,3112,Approved,1,2.827763496143959,244.44444444444446
LN100179,Female,No,1,Not Graduate,No,3362,7409,232.0,360.0,1.0,Urban,N,1,10771,Rejected,0,2.1539318540525483,644.4444444444445
LN100180,Male,Yes,0,Graduate,No,4213,1392,137.0,360.0,1.0,Semiurban,Y,0,5605,Approved,1,2.444246208742195,380.55555555555554
LN100181,Male,No,0,Graduate,No,7126,0,167.0,360.0,1.0,Semiurban,Y,0,7126,Approved,1,2.3435307325287678,463.8888888888889
LN100182,Male,Yes,0,Graduate,No,4972,0,158.0,360.0,1.0,Semiurban,Y,0,4972,Approved,1,3.177795655671762,438.8888888888889
LN100183,Female,Yes,0,Graduate,No,5216,5662,137.0,360.0,1.0,Semiurban,Y,0,10878,Approved,1,1.2594226879941166,380.55555555555554
LN100184,Female,No,0,Graduate,No,2660,0,51.0,120.0,1.0,Semiurban,Y,0,2660,Approved,1,1.9172932330827068,425.0
LN100185,Male,Yes,1,Graduate,Yes,2949,2146,98.0,360.0,1.0,Semiurban,N,1,5095,Rejected,0,1.9234543670264965,272.22222222222223
LN100186,Male,No,3+,Graduate,No,10670,0,280.0,360.0,1.0,Urban,N,3,10670,Rejected,0,2.6241799437675724,777.7777777777778
LN100187,Female,No,2,Graduate,Yes,3162,0,83.0,120.0,1.0,Semiurban,Y,2,3162,Approved,1,2.624920936116382,691.6666666666666
LN100188,Male,Yes,2,Graduate,No,9965,0,238.0,180.0,1.0,Semiurban,Y,2,9965,Approved,1,2.388359257400903,1322.2222222222222
LN100189,Male,Yes,2,Not Graduate,No,4004,0,96.0,360.0,1.0,Urban,Y,2,4004,Approved,1,2.3976023976023977,266.6666666666667
LN100190,Male,No,1,Not Graduate,No,4505,1224,137.0,360.0,1.0,Rural,Y,1,5729,Approved,1,2.391342293593995,380.55555555555554
LN100191,Male,Yes,0,Graduate,No,7522,5642,332.0,300.0,1.0,Rural,N,0,13164,Rejected,0,2.5220297781829233,1106.6666666666667
LN100192,Female,Yes,2,Not Graduate,No,8286,0,208.0,360.0,1.0,Urban,Y,2,8286,Approved,1,2.510258266956312,577.7777777777778
LN100193,Female,Yes,1,Not Graduate,No,4267,3800,162.0,360.0,0.0,Urban,Y,1,8067,Approved,1,2.008181480104128,450.0
LN100194,Male,Yes,0,Graduate,No,3735,0,73.0,360.0,0.0,Urban,N,0,3735,Rejected,0,1.9544846050870146,202.77777777777777
LN100195,Male,Yes,0,Graduate,No,4381,0,86.0,180.0,1.0,Urban,Y,0,4381,Approved,1,1.9630221410636841,477.77777777777777
LN100196,Male,No,0,Graduate,No,5293,0,103.0,360.0,1.0,Urban,Y,0,5293,Approved,1,1.9459663706782544,286.1111111111111
LN100197,Male,No,0,Not Graduate,Yes,6903,3870,286.0,360.0,1.0,Semiurban,Y,0,10773,Approved,1,2.6547851109254617,794.4444444444445
LN100198,Female,No,2,Not Graduate,No,4509,2786,151.0,180.0,1.0,Rural,Y,2,7295,Approved,1,2.069910897875257,838.8888888888889
LN100199,Female,No,0,Graduate,No,6057,5387,246.0,360.0,1.0,Semiurban,Y,0,11444,Approved,1,2.149598042642433,683.3333333333334
LN100200,Male,Yes,0,Graduate,No,9880,3249,268.0,360.0,1.0,Urban,Y,0,13129,Approved,1,2.041282656714144,744.4444444444445
LN100201,Male,No,3+,Graduate,No,5404,1334,212.0,300.0,1.0,Semiurban,Y,3,6738,Approved,1,3.146334223805283,706.6666666666666
LN100202,Male,Yes,0,Graduate,No,5226,1490,201.0,300.0,1.0,Semiurban,N,0,6716,Rejected,0,2.9928528886241814,670.0
LN100203,Male,Yes,0,Graduate,Yes,2171,2673,103.0,300.0,1.0,Rural,Y,0,4844,Approved,1,2.126341866226259,343.3333333333333
LN100204,Female,Yes,0,Not Graduate,No,1273,556,41.0,480.0,1.0,Rural,N,0,1829,Rejected,0,2.241662110442865,85.41666666666667
LN100205,Male,Yes,1,Graduate,Yes,5422,0,114.0,300.0,1.0,Rural,Y,1,5422,Approved,1,2.102545186278126,380.0
LN100206,Male,No,2,Not Graduate,No,4300,0,107.0,360.0,1.0,Semiurban,Y,2,4300,Approved,1,2.488372093023256,297.22222222222223
LN100207,Male,No,0,Not Graduate,No,3515,0,64.0,360.0,1.0,Semiurban,Y,0,3515,Approved,1,1.8207681365576105,177.77777777777777
LN100208,Male,Yes,2,Graduate,No,5058,0,137.0,240.0,1.0,Urban,Y,2,5058,Approved,1,2.7085804665875837,570.8333333333334
LN100209,Male,Yes,0,Graduate,Yes,4371,5614,253.0,480.0,1.0,Semiurban,Y,0,9985,Approved,1,2.5338007010515775,527.0833333333334
LN100210,Male,No,2,Graduate,Yes,7732,0,236.0,360.0,1.0,Urban,Y,2,7732,Approved,1,3.0522503879979306,655.5555555555555
LN100211,Male,Yes,2,Graduate,Yes,4690,1059,117.0,360.0,1.0,Semiurban,Y,2,5749,Approved,1,2.0351365454861714,325.0
LN100212,Male,Yes,2,Graduate,No,3144,0,92.0,300.0,1.0,Semiurban,Y,2,3144,Approved,1,2.926208651399491,306.6666666666667
LN100213,Male,Yes,0,Graduate,No,7238,0,211.0,360.0,1.0,Urban,Y,0,7238,Approved,1,2.9151699364465324,586.1111111111111
LN100214,Male,No,3+,Graduate,No,4055,0,80.0,360.0,1.0,Urban,N,3,4055,Rejected,0,1.972872996300863,222.22222222222223
LN100215,Male,No,0,Graduate,No,5794,3444,218.0,480.0,1.0,Urban,Y,0,9238,Approved,1,2.359818142455077,454.1666666666667
LN100216,Male,Yes,0,Graduate,No,3578,0,73.0,240.0,1.0,Urban,Y,0,3578,Approved,1,2.04024594745668,304.1666666666667
LN100217,Male,Yes,2,Graduate,Yes,3294,0,71.0,360.0,1.0,Urban,Y,2,3294,Approved,1,2.1554341226472373,197.22222222222223
LN100218,Male,No,0,Graduate,No,4686,5334,217.0,360.0,1.0,Urban,Y,0,10020,Approved,1,2.165668662674651,602.7777777777778
LN100219,Male,No,2,Graduate,No,4528,846,139.0,240.0,1.0,Urban,Y,2,5374,Approved,1,2.5865277260885744,579.1666666666666
LN100220,Female,Yes,0,Graduate,No,5665,0,135.0,360.0,1.0,Urban,Y,0,5665,Approved,1,2.383053839364519,375.0
LN100221,Male,No,1,Graduate,No,3956,0,124.0,360.0,1.0,Rural,Y,1,3956,Approved,1,3.1344792719919106,344.44444444444446
LN100222,Male,Yes,0,Graduate,No,1864,0,40.0,360.0,1.0,Urban,Y,0,1864,Approved,1,2.1459227467811157,111.11111111111111
LN100223,Male,Yes,0,Graduate,No,3656,1569,165.0,360.0,1.0,Urban,Y,0,5225,Approved,1,3.1578947368421053,458.3333333333333
LN100224,Male,No,0,Graduate,No,6587,0,140.0,480.0,1.0,Semiurban,N,0,6587,Rejected,0,2.1253985122210417,291.6666666666667
LN100225,Male,Yes,0,Graduate,No,3901,0,112.0,360.0,1.0,Rural,N,0,3901,Rejected,0,2.8710587028966934,311.1111111111111
LN100226,Male,Yes,0,Not Graduate,No,3998,0,91.0,360.0,1.0,Semiurban,Y,0,3998,Approved,1,2.276138069034517,252.77777777777777
LN100227,Female,Yes,0,Graduate,No,7225,0,145.0,360.0,0.0,Urban,N,0,7225,Rejected,0,2.006920415224913,402.77777777777777
LN100228,Male,Yes,1,Graduate,No,3197,3699,207.0,360.0,1.0,Semiurban,N,1,6896,Rejected,0,3.001740139211137,575.0
LN100229,Female,No,0,Graduate,No,2146,0,48.0,360.0,0.0,Semiurban,Y,0,2146,Approved,1,2.2367194780987885,133.33333333333334
LN100230,Male,Yes,0,Graduate,No,4166,0,113.0,360.0,1.0,Semiurban,Y,0,4166,Approved,1,2.71243398943831,313.8888888888889
LN100231,Male,No,2,Graduate,No,3567,0,92.0,360.0,1.0,Semiurban,Y,2,3567,Approved,1,2.5791982057751612,255.55555555555554
LN100232,Male,Yes,0,Graduate,No,2830,0,70.0,360.0,1.0,Rural,N,0,2830,Rejected,0,2.4734982332155475,194.44444444444446
LN100233,Male,Yes,2,Graduate,No,4137,0,103.0,180.0,1.0,Rural,Y,2,4137,Approved,1,2.4897268552090885,572.2222222222222
LN100234,Male,Yes,2,Graduate,No,5697,1022,190.0,300.0,1.0,Semiurban,N,2,6719,Rejected,0,2.8278017562137223,633.3333333333334
LN100235,Male,No,1,Graduate,Yes,4480,6083,203.0,360.0,1.0,Semiurban,Y,1,10563,Approved,1,1.9218025182239893,563.8888888888889
LN100236,Male,Yes,1,Graduate,No,5214,2713,217.0,120.0,1.0,Semiurban,Y,1,7927,Approved,1,2.7374795004415287,1808.3333333333333
LN100237,Male,No,2,Graduate,Yes,10746,4347,461.0,300.0,1.0,Rural,Y,2,15093,Approved,1,3.0543960776518917,1536.6666666666667
LN100238,Male,Yes,0,Not Graduate,No,3817,5539,176.0,360.0,1.0,Urban,Y,0,9356,Approved,1,1.881145788798632,488.8888888888889
LN100239,Male,No,0,Graduate,No,5143,0,103.0,120.0,1.0,Rural,N,0,5143,Rejected,0,2.002722146607039,858.3333333333334
LN100240,Male,Yes,0,Graduate,No,3524,1701,146.0,300.0,1.0,Urban,N,0,5225,Rejected,0,2.7942583732057416,486.6666666666667
LN100241,Female,No,2,Graduate,No,2998,4714,186.0,360.0,1.0,Semiurban,Y,2,7712,Approved,1,2.411825726141079,516.6666666666666
LN100242,Female,No,0,Graduate,No,3398,2501,140.0,360.0,1.0,Rural,N,0,5899,Rejected,0,2.3732836073910835,388.8888888888889
LN100243,Female,No,1,Graduate,No,3576,0,71.0,360.0,1.0,Urban,N,1,3576,Rejected,0,1.9854586129753917,197.22222222222223
LN100244,Male,No,3+,Graduate,No,5347,0,134.0,360.0,1.0,Semiurban,Y,3,5347,Approved,1,2.5060781746773895,372.22222222222223
LN100245,Male,No,2,Graduate,No,13896,3343,341.0,360.0,1.0,Urban,N,2,17239,Rejected,0,1.9780729740704217,947.2222222222222
LN100246,Female,Yes,0,Graduate,No,3191,1651,119.0,360.0,1.0,Semiurban,Y,0,4842,Approved,1,2.4576621230896323,330.55555555555554
LN100247,Male,Yes,0,Graduate,No,3684,7322,137.0,360.0,1.0,Urban,Y,0,11006,Approved,1,1.2447755769580229,380.55555555555554
LN100248,Female,Yes,2,Graduate,No,4366,0,94.0,300.0,0.0,Semiurban,Y,2,4366,Approved,1,2.153000458085204,313.3333333333333
LN100249,Female,No,1,Not Graduate,No,5442,0,135.0,240.0,1.0,Semiurban,N,1,5442,Rejected,0,2.4807056229327453,562.5
LN100250,Female,Yes,0,Graduate,No,5107,0,163.0,360.0,0.0,Rural,Y,0,5107,Approved,1,3.1916976698648916,452.77777777777777
LN100251,Male,No,0,Graduate,No,8335,1306,266.0,360.0,0.0,Rural,N,0,9641,Rejected,0,2.759049891090136,738.8888888888889
LN100252,Male,Yes,2,Graduate,Yes,1404,0,42.0,360.0,1.0,Urban,N,2,1404,Rejected,0,2.9914529914529915,116.66666666666667
LN100253,Female,Yes,1,Graduate,No,1431,0,40.0,360.0,1.0,Semiurban,Y,1,1431,Approved,1,2.795248078266946,111.11111111111111
LN100254,Male,Yes,2,Graduate,No,3547,3227,195.0,360.0,1.0,Urban,Y,2,6774,Approved,1,2.878653675819309,541.6666666666666
LN100255,Male,No,2,Graduate,No,7620,0,141.0,480.0,1.0,Urban,Y,2,7620,Approved,1,1.8503937007874016,293.75
LN100256,Male,Yes,1,Graduate,No,2122,1727,76.0,360.0,1.0,Urban,Y,1,3849,Approved,1,1.9745388412574696,211.11111111111111
LN100257,Female,Yes,0,Graduate,No,1062,0,40.0,240.0,1.0,Rural,Y,0,1062,Approved,1,3.766478342749529,166.66666666666666
LN100258,Male,Yes,0,Graduate,No,5919,2567,201.0,360.0,1.0,Rural,Y,0,8486,Approved,1,2.368607117605468,558.3333333333334
LN100259,Male,Yes,0,Graduate,No,5058,3317,250.0,300.0,1.0,Urban,Y,0,8375,Approved,1,2.9850746268656714,833.3333333333334
LN100260,Male,Yes,0,Not Graduate,No,2667,1935,105.0,360.0,0.0,Urban,Y,0,4602,Approved,1,2.2816166883963493,291.6666666666667
LN100261,Male,Yes,2,Graduate,Yes,2804,3546,172.0,360.0,1.0,Urban,Y,2,6350,Approved,1,2.7086614173228347,477.77777777777777
LN100262,Female,No,1,Graduate,No,2825,0,79.0,360.0,1.0,Semiurban,Y,1,2825,Approved,1,2.7964601769911503,219.44444444444446
LN100263,Male,Yes,2,Graduate,No,4745,0,124.0,360.0,0.0,Semiurban,N,2,4745,Rejected,0,2.613277133825079,344.44444444444446
LN100264,Male,Yes,0,Graduate,No,3332,0,77.0,360.0,1.0,Urban,N,0,3332,Rejected,0,2.3109243697478994,213.88888888888889
LN100265,Female,Yes,1,Not Graduate,No,5704,4382,263.0,360.0,1.0,Rural,Y,1,10086,Approved,1,2.607574856236367,730.5555555555555
LN100266,Male,Yes,1,Graduate,No,1143,2795,90.0,360.0,1.0,Urban,Y,1,3938,Approved,1,2.28542407313357,250.0
LN100267,Male,Yes,1,Graduate,No,2983,0,57.0,360.0,1.0,Rural,Y,1,2983,Approved,1,1.910828025477707,158.33333333333334
LN100268,Male,Yes,1,Graduate,Yes,2621,1133,120.0,360.0,1.0,Semiurban,Y,1,3754,Approved,1,3.1965903036760785,333.3333333333333
LN100269,Male,Yes,0,Graduate,No,3979,0,79.0,360.0,0.0,Semiurban,Y,0,3979,Approved,1,1.985423473234481,219.44444444444446
LN100270,Male,Yes,0,Graduate,No,3476,1168,88.0,300.0,1.0,Rural,Y,0,4644,Approved,1,1.8949181739879413,293.3333333333333
LN100271,Female,No,0,Graduate,No,6600,1212,237.0,360.0,1.0,Rural,N,0,7812,Rejected,0,3.0337941628264207,658.3333333333334
LN100272,Female,No,0,Graduate,No,1843,0,41.0,360.0,1.0,Urban,Y,0,1843,Approved,1,2.224633749321758,113.88888888888889
LN100273,Female,No,0,Graduate,No,4599,0,125.0,360.0,1.0,Semiurban,N,0,4599,Rejected,0,2.717982170036964,347.22222222222223
LN100274,Female,Yes,1,Graduate,No,5883,0,133.0,360.0,0.0,Rural,Y,1,5883,Approved,1,2.260751317355091,369.44444444444446
LN100275,Male,Yes,3+,Not Graduate,No,10971,2175,309.0,360.0,0.0,Urban,N,3,13146,Rejected,0,2.350524874486536,858.3333333333334
LN100276,Male,Yes,1,Not Graduate,No,3571,0,77.0,360.0,1.0,Urban,Y,1,3571,Approved,1,2.156258751050126,213.88888888888889
LN100277,Male,Yes,2,Not Graduate,No,5258,0,120.0,360.0,1.0,Semiurban,Y,2,5258,Approved,1,2.282236591860023,333.3333333333333
LN100278,Male,No,0,Graduate,No,1893,0,137.0,360.0,1.0,Rural,Y,0,1893,Approved,1,7.237189646064449,380.55555555555554
LN100279,Male,Yes,1,Graduate,Yes,1428,0,40.0,240.0,1.0,Rural,Y,1,1428,Approved,1,2.801120448179272,166.66666666666666
LN100280,Male,Yes,0,Not Graduate,No,6750,0,170.0,480.0,1.0,Rural,Y,0,6750,Approved,1,2.5185185185185186,354.1666666666667
LN100281,Female,Yes,0,Graduate,No,4488,2406,215.0,240.0,1.0,Semiurban,Y,0,6894,Approved,1,3.118653901943719,895.8333333333334
LN100282,Male,No,0,Graduate,No,7923,0,147.0,120.0,0.0,Urban,N,0,7923,Rejected,0,1.8553578190079516,1225.0
LN100283,Male,Yes,0,Not Graduate,No,2328,2846,130.0,360.0,1.0,Semiurban,N,0,5174,Rejected,0,2.512562814070352,361.1111111111111
LN100284,Male,Yes,0,Not Graduate,Yes,5776,5091,284.0,300.0,0.0,Rural,N,0,10867,Rejected,0,2.61341676635686,946.6666666666666
LN100285,Male,Yes,0,Graduate,No,11035,0,341.0,360.0,1.0,Urban,Y,0,11035,Approved,1,3.090167648391482,947.2222222222222
LN100286,Male,Yes,0,Graduate,No,5504,0,103.0,360.0,1.0,Urban,Y,0,5504,Approved,1,1.8713662790697674,286.1111111111111
LN100287,Male,Yes,3+,Graduate,No,5139,10302,402.0,360.0,1.0,Urban,N,3,15441,Rejected,0,2.6034583252380026,1116.6666666666667
LN100288,Male,Yes,0,Not Graduate,No,4519,2837,220.0,480.0,1.0,Semiurban,Y,0,7356,Approved,1,2.990755845568244,458.3333333333333
LN100289,Male,Yes,0,Not Graduate,No,2117,0,45.0,360.0,0.0,Rural,N,0,2117,Rejected,0,2.1256495040151155,125.0
LN100290,Male,Yes,0,Graduate,No,8626,0,261.0,360.0,1.0,Semiurban,Y,0,8626,Approved,1,3.025736146533735,725.0
LN100291,Male,Yes,1,Graduate,No,3356,0,61.0,240.0,1.0,Rural,Y,1,3356,Approved,1,1.8176400476758046,254.16666666666666
LN100292,Male,Yes,0,Not Graduate,Yes,5733,3241,254.0,360.0,0.0,Urban,N,0,8974,Rejected,0,2.8303989302429238,705.5555555555555
LN100293,Female,Yes,0,Graduate,No,2125,0,137.0,360.0,1.0,Rural,N,0,2125,Rejected,0,6.447058823529411,380.55555555555554
LN100294,Male,No,0,Graduate,No,2555,0,69.0,360.0,0.0,Rural,N,0,2555,Rejected,0,2.700587084148728,191.66666666666666
LN100295,Male,No,0,Not Graduate,No,8961,2033,265.0,360.0,0.0,Urban,Y,0,10994,Approved,1,2.4104056758231764,736.1111111111111
LN100296,Male,Yes,0,Graduate,No,3809,2697,121.0,360.0,1.0,Rural,Y,0,6506,Approved,1,1.8598217030433448,336.1111111111111
LN100297,Male,Yes,0,Graduate,No,9040,0,279.0,360.0,1.0,Urban,Y,0,9040,Approved,1,3.086283185840708,775.0
LN100298,Male,Yes,0,Graduate,No,4334,0,107.0,480.0,1.0,Rural,Y,0,4334,Approved,1,2.468850946008306,222.91666666666666
LN100299,Male,Yes,0,Graduate,No,1859,697,47.0,180.0,1.0,Rural,N,0,2556,Rejected,0,1.8388106416275432,261.1111111111111
LN100300,Male,No,0,Not Graduate,No,6905,0,191.0,360.0,1.0,Rural,Y,0,6905,Approved,1,2.7661115133960896,530.5555555555555
LN100301,Male,Yes,2,Graduate,Yes,3390,0,84.0,360.0,1.0,Semiurban,Y,2,3390,Approved,1,2.47787610619469,233.33333333333334
LN100302,Male,No,1,Not Graduate,No,6293,1897,162.0,360.0,1.0,Urban,Y,1,8190,Approved,1,1.9780219780219779,450.0
LN100303,Male,Yes,0,Graduate,No,4555,0,96.0,360.0,1.0,Semiurban,N,0,4555,Rejected,0,2.1075740944017562,266.6666666666667
LN100304,Male,Yes,0,Graduate,No,2146,1401,67.0,360.0,1.0,Semiurban,Y,0,3547,Approved,1,1.8889202142655765,186.11111111111111
LN100305,Male,No,3+,Graduate,No,4869,989,137.0,360.0,1.0,Rural,Y,3,5858,Approved,1,2.338682144076477,380.55555555555554
LN100306,Female,No,0,Graduate,Yes,12913,0,345.0,240.0,1.0,Rural,Y,0,12913,Approved,1,2.671726167428173,1437.5
LN100307,Male,No,0,Graduate,No,5701,0,143.0,360.0,0.0,Rural,N,0,5701,Rejected,0,2.5083318716014733,397.22222222222223
LN100308,Male,No,1,Graduate,No,4377,831,153.0,360.0,1.0,Urban,N,1,5208,Rejected,0,2.9377880184331797,425.0
LN100309,Male,Yes,0,Graduate,No,7540,4261,355.0,360.0,1.0,Rural,Y,0,11801,Approved,1,3.008219642403186,986.1111111111111
LN100310,Male,No,0,Graduate,No,4979,4253,246.0,360.0,1.0,Rural,Y,0,9232,Approved,1,2.664644714038128,683.3333333333334
LN100311,Male,Yes,0,Graduate,No,4976,4648,175.0,360.0,1.0,Rural,Y,0,9624,Approved,1,1.8183707398171238,486.1111111111111
LN100312,Male,No,2,Graduate,No,2665,0,74.0,120.0,0.0,Urban,N,2,2665,Rejected,0,2.776735459662289,616.6666666666666
LN100313,Male,Yes,0,Graduate,Yes,5035,10460,370.0,360.0,1.0,Urban,Y,0,15495,Approved,1,2.387867053888351,1027.7777777777778
LN100314,Female,No,1,Graduate,No,7397,0,192.0,300.0,1.0,Urban,Y,1,7397,Approved,1,2.59564688387184,640.0
LN100315,Female,Yes,3+,Graduate,No,3012,0,82.0,360.0,1.0,Semiurban,Y,3,3012,Approved,1,2.7224435590969454,227.77777777777777
LN100316,Male,Yes,0,Graduate,No,8916,0,204.0,240.0,1.0,Semiurban,Y,0,8916,Approved,1,2.2880215343203227,850.0
LN100317,Male,Yes,0,Graduate,No,4306,0,133.0,360.0,1.0,Rural,N,0,4306,Rejected,0,3.088713423130516,369.44444444444446
LN100318,Male,No,0,Graduate,Yes,2939,6771,193.0,360.0,1.0,Semiurban,N,0,9710,Rejected,0,1.987641606591143,536.1111111111111
LN100319,Male,Yes,0,Not Graduate,No,7264,0,199.0,300.0,1.0,Semiurban,Y,0,7264,Approved,1,2.7395374449339207,663.3333333333334
LN100320,Male,Yes,0,Graduate,No,3921,0,71.0,300.0,1.0,Semiurban,Y,0,3921,Approved,1,1.810762560571283,236.66666666666666
LN100321,Male,Yes,2,Graduate,No,6480,0,201.0,360.0,0.0,Rural,N,2,6480,Rejected,0,3.1018518518518516,558.3333333333334
LN100322,Male,Yes,1,Graduate,No,3912,4852,172.0,180.0,1.0,Rural,Y,1,8764,Approved,1,1.9625741670470105,955.5555555555555
LN100323,Male,No,1,Graduate,No,4373,1974,123.0,180.0,1.0,Rural,Y,1,6347,Approved,1,1.9379234283913658,683.3333333333334
LN100324,Male,Yes,0,Graduate,No,5703,0,129.0,360.0,1.0,Semiurban,Y,0,5703,Approved,1,2.261967385586533,358.3333333333333
LN100325,Female,No,2,Not Graduate,No,5174,0,120.0,360.0,1.0,Semiurban,Y,2,5174,Approved,1,2.3192887514495557,333.3333333333333
LN100326,Male,Yes,3+,Graduate,No,1727,0,40.0,360.0,0.0,Rural,Y,3,1727,Approved,1,2.3161551823972206,111.11111111111111
LN100327,Male,Yes,2,Not Graduate,Yes,2627,2624,138.0,360.0,1.0,Semiurban,N,2,5251,Rejected,0,2.6280708436488287,383.3333333333333
LN100328,Male,No,0,Graduate,No,7030,4869,288.0,360.0,1.0,Urban,N,0,11899,Rejected,0,2.4203714597865367,800.0
LN100329,Male,No,1,Graduate,Yes,4223,0,78.0,360.0,1.0,Urban,Y,1,4223,Approved,1,1.847028179019654,216.66666666666666
LN100330,Male,Yes,0,Graduate,No,3500,3688,162.0,360.0,1.0,Urban,Y,0,7188,Approved,1,2.2537562604340566,450.0
LN100331,Male,Yes,0,Graduate,No,2344,0,69.0,180.0,1.0,Semiurban,Y,0,2344,Approved,1,2.9436860068259385,383.3333333333333
LN100332,Male,No,0,Graduate,Yes,2680,3998,185.0,360.0,1.0,Urban,Y,0,6678,Approved,1,2.770290506139563,513.8888888888889
LN100333,Male,Yes,1,Graduate,No,1705,0,48.0,360.0,1.0,Urban,Y,1,1705,Approved,1,2.8152492668621703,133.33333333333334
LN100334,Male,No,1,Graduate,No,4286,0,119.0,360.0,1.0,Urban,Y,1,4286,Approved,1,2.7764815678954737,330.55555555555554
LN100335,Male,No,0,Not Graduate,No,3376,0,75.0,240.0,1.0,Semiurban,N,0,3376,Rejected,0,2.221563981042654,312.5
LN100336,Male,No,0,Graduate,Yes,2830,0,55.0,360.0,1.0,Semiurban,N,0,2830,Rejected,0,1.9434628975265018,152.77777777777777
LN100337,Female,Yes,0,Not Graduate,No,4355,1452,127.0,360.0,0.0,Semiurban,N,0,5807,Rejected,0,2.1870156707422077,352.77777777777777
LN100338,Male,No,0,Graduate,No,5359,0,159.0,180.0,1.0,Urban,Y,0,5359,Approved,1,2.9669714498973687,883.3333333333334
LN100339,Male,Yes,0,Graduate,No,12290,4393,529.0,360.0,0.0,Urban,Y,0,16683,Approved,1,3.1708925253251814,1469.4444444444443
LN100340,Male,Yes,0,Graduate,No,2178,1809,99.0,360.0,1.0,Semiurban,N,0,3987,Rejected,0,2.4830699774266365,275.0
LN100341,Male,Yes,2,Not Graduate,No,7851,0,142.0,360.0,1.0,Semiurban,Y,2,7851,Approved,1,1.8086867914915297,394.44444444444446
LN100342,Male,Yes,0,Graduate,Yes,7179,0,143.0,180.0,1.0,Urban,Y,0,7179,Approved,1,1.991920880345452,794.4444444444445
LN100343,Male,No,0,Graduate,No,3096,0,70.0,360.0,1.0,Urban,Y,0,3096,Approved,1,2.260981912144703,194.44444444444446
LN100344,Male,No,0,Graduate,No,4961,3355,217.0,360.0,1.0,Rural,N,0,8316,Rejected,0,2.6094276094276094,602.7777777777778
LN100345,Male,No,3+,Graduate,No,3613,0,69.0,360.0,1.0,Semiurban,N,3,3613,Rejected,0,1.9097702740105176,191.66666666666666
LN100346,Male,Yes,1,Graduate,No,4920,0,154.0,180.0,1.0,Urban,Y,1,4920,Approved,1,3.1300813008130084,855.5555555555555
LN100347,Male,Yes,1,Graduate,No,9286,0,215.0,120.0,1.0,Urban,N,1,9286,Rejected,0,2.3153133749730777,1791.6666666666667
LN100348,Male,Yes,0,Graduate,No,6018,1397,228.0,360.0,1.0,Rural,Y,0,7415,Approved,1,3.074848280512475,633.3333333333334
LN100349,Male,No,1,Graduate,No,5744,0,166.0,240.0,1.0,Semiurban,Y,1,5744,Approved,1,2.8899721448467965,691.6666666666666
LN100350,Male,Yes,0,Graduate,No,3660,0,105.0,360.0,1.0,Semiurban,N,0,3660,Rejected,0,2.8688524590163933,291.6666666666667
LN100351,Male,No,1,Graduate,No,2207,0,58.0,360.0,1.0,Semiurban,N,1,2207,Rejected,0,2.628001812415043,161.11111111111111
LN100352,Female,Yes,2,Graduate,No,4072,0,109.0,360.0,1.0,Rural,Y,2,4072,Approved,1,2.6768172888015718,302.77777777777777
LN100353,Male,Yes,1,Not Graduate,No,8031,5530,365.0,360.0,1.0,Rural,N,1,13561,Rejected,0,2.6915419216871914,1013.8888888888889
LN100354,Male,No,2,Graduate,No,2162,0,58.0,120.0,1.0,Semiurban,N,2,2162,Rejected,0,2.682701202590194,483.3333333333333
LN100355,Male,Yes,1,Graduate,No,2712,2350,130.0,240.0,0.0,Semiurban,N,1,5062,Rejected,0,2.568154879494271,541.6666666666666
LN100356,Male,No,0,Graduate,No,4781,2013,216.0,180.0,1.0,Urban,N,0,6794,Rejected,0,3.1792758316161316,1200.0
LN100357,Male,No,2,Graduate,No,2805,2043,137.0,360.0,1.0,Rural,Y,2,4848,Approved,1,2.825907590759076,380.55555555555554
LN100358,Male,Yes,0,Graduate,No,3076,914,115.0,360.0,1.0,Semiurban,N,0,3990,Rejected,0,2.882205513784461,319.44444444444446
LN100359,Male,Yes,0,Not Graduate,No,3672,0,111.0,180.0,1.0,Urban,N,0,3672,Rejected,0,3.022875816993464,616.6666666666666
LN100360,Male,Yes,0,Graduate,No,2336,0,49.0,360.0,0.0,Rural,Y,0,2336,Approved,1,2.0976027397260273,136.11111111111111
LN100361,Male,No,0,Not Graduate,Yes,2819,4058,132.0,360.0,0.0,Rural,N,0,6877,Rejected,0,1.9194416169841502,366.6666666666667
LN100362,Male,Yes,0,Graduate,No,6307,0,156.0,360.0,1.0,Rural,Y,0,6307,Approved,1,2.473442207071508,433.3333333333333
LN100363,Male,Yes,0,Graduate,No,2403,2249,117.0,240.0,1.0,Rural,Y,0,4652,Approved,1,2.515047291487532,487.5
LN100364,Male,Yes,0,Graduate,No,2090,0,62.0,300.0,1.0,Rural,Y,0,2090,Approved,1,2.9665071770334928,206.66666666666666
LN100365,Female,No,1,Not Graduate,No,3326,2620,144.0,120.0,1.0,Urban,Y,1,5946,Approved,1,2.4217961654894045,1200.0
LN100366,Male,Yes,0,Graduate,No,6394,4040,271.0,360.0,1.0,Rural,Y,0,10434,Approved,1,2.5972781291930227,752.7777777777778
LN100367,Female,No,0,Graduate,Yes,4094,0,104.0,360.0,1.0,Rural,N,0,4094,Rejected,0,2.5403028822667317,288.8888888888889
LN100368,Female,No,0,Graduate,No,3601,0,67.0,360.0,1.0,Urban,Y,0,3601,Approved,1,1.8605942793668426,186.11111111111111
LN100369,Male,Yes,0,Graduate,No,4597,2909,200.0,360.0,1.0,Urban,Y,0,7506,Approved,1,2.664535038635758,555.5555555555555
LN100370,Male,Yes,1,Graduate,No,1947,1568,104.0,360.0,1.0,Rural,N,1,3515,Rejected,0,2.9587482219061165,288.8888888888889
LN100371,Male,No,0,Graduate,No,5706,0,115.0,360.0,1.0,Urban,Y,0,5706,Approved,1,2.015422362425517,319.44444444444446
LN100372,Male,Yes,0,Graduate,No,5409,2904,219.0,180.0,1.0,Rural,Y,0,8313,Approved,1,2.634428004330567,1216.6666666666667
LN100373,Male,No,1,Graduate,Yes,3697,0,97.0,360.0,0.0,Urban,N,1,3697,Rejected,0,2.6237489856640517,269.44444444444446
LN100374,Male,Yes,0,Graduate,No,7293,0,148.0,480.0,1.0,Urban,Y,0,7293,Approved,1,2.029343205813794,308.3333333333333
LN100375,Male,Yes,1,Not Graduate,No,2619,1397,79.0,360.0,1.0,Semiurban,Y,1,4016,Approved,1,1.9671314741035857,219.44444444444446
LN100376,Male,No,0,Graduate,No,7733,4989,404.0,360.0,0.0,Urban,N,0,12722,Rejected,0,3.1756013205470843,1122.2222222222222
LN100377,Female,Yes,0,Graduate,No,4846,11426,383.0,360.0,0.0,Semiurban,N,0,16272,Rejected,0,2.3537364798426745,1063.888888888889
LN100378,Male,Yes,2,Graduate,No,3829,1429,111.0,180.0,1.0,Semiurban,N,2,5258,Rejected,0,2.1110688474705213,616.6666666666666
LN100379,Female,Yes,0,Graduate,No,4457,0,91.0,300.0,1.0,Urban,Y,0,4457,Approved,1,2.0417321067982948,303.3333333333333
LN100380,Male,Yes,2,Graduate,No,4274,1559,160.0,120.0,1.0,Urban,Y,2,5833,Approved,1,2.7430138865078004,1333.3333333333333
LN100381,Male,Yes,2,Graduate,Yes,8083,0,214.0,360.0,1.0,Semiurban,Y,2,8083,Approved,1,2.647531856983793,594.4444444444445
LN100382,Male,Yes,2,Graduate,Yes,2684,0,72.0,180.0,1.0,Urban,Y,2,2684,Approved,1,2.682563338301043,400.0
LN100383,Male,No,2,Graduate,No,3121,0,60.0,360.0,0.0,Rural,N,2,3121,Rejected,0,1.9224607497596924,166.66666666666666
LN100384,Female,Yes,0,Graduate,No,7400,0,226.0,360.0,1.0,Semiurban,Y,0,7400,Approved,1,3.054054054054054,627.7777777777778
LN100385,Male,No,0,Graduate,No,3381,0,79.0,360.0,1.0,Urban,Y,0,3381,Approved,1,2.336586808636498,219.44444444444446
LN100386,Female,Yes,1,Not Graduate,No,6933,0,155.0,360.0,1.0,Semiurban,Y,1,6933,Approved,1,2.2356844079042264,430.55555555555554
LN100387,Male,No,0,Graduate,No,10174,0,249.0,360.0,1.0,Urban,Y,0,10174,Approved,1,2.447414979359151,691.6666666666666
LN100388,Male,Yes,1,Graduate,Yes,3711,0,87.0,180.0,1.0,Urban,Y,1,3711,Approved,1,2.3443815683104283,483.3333333333333
LN100389,Male,No,1,Graduate,Yes,6241,3579,295.0,120.0,1.0,Urban,Y,1,9820,Approved,1,3.004073319755601,2458.3333333333335
LN100390,Female,Yes,1,Graduate,Yes,2586,0,80.0,360.0,1.0,Rural,N,1,2586,Rejected,0,3.0935808197989174,222.22222222222223
LN100391,Female,Yes,0,Graduate,No,6465,0,144.0,360.0,1.0,Rural,Y,0,6465,Approved,1,2.2273781902552203,400.0
LN100392,Male,Yes,0,Not Graduate,No,4952,2752,232.0,300.0,1.0,Rural,Y,0,7704,Approved,1,3.011422637590862,773.3333333333334
LN100393,Male,Yes,0,Not Graduate,No,5647,1524,208.0,360.0,1.0,Semiurban,Y,0,7171,Approved,1,2.9005717473155763,577.7777777777778
LN100394,Male,Yes,0,Graduate,Yes,3301,2866,191.0,300.0,0.0,Urban,Y,0,6167,Approved,1,3.097129884871088,636.6666666666666
LN100395,Male,Yes,2,Not Graduate,No,2027,0,43.0,360.0,1.0,Semiurban,N,2,2027,Rejected,0,2.1213616181549084,119.44444444444444
LN100396,Female,No,0,Not Graduate,No,5730,1508,189.0,360.0,0.0,Semiurban,Y,0,7238,Approved,1,2.611218568665377,525.0
LN100397,Female,Yes,0,Not Graduate,No,1671,0,40.0,360.0,1.0,Rural,Y,0,1671,Approved,1,2.39377618192699,111.11111111111111
LN100398,Male,Yes,0,Not Graduate,Yes,3864,0,114.0,360.0,1.0,Urban,N,0,3864,Rejected,0,2.950310559006211,316.6666666666667
LN100399,Male,Yes,1,Graduate,No,7070,0,128.0,360.0,1.0,Urban,Y,1,7070,Approved,1,1.8104667609618104,355.55555555555554
LN100400,Male,No,1,Graduate,Yes,4934,971,153.0,300.0,1.0,Semiurban,Y,1,5905,Approved,1,2.5910245554614733,510.0
LN100401,Male,Yes,0,Graduate,Yes,11465,0,137.0,240.0,0.0,Rural,N,0,11465,Rejected,0,1.1949411251635411,570.8333333333334
LN100402,Female,Yes,0,Graduate,No,7361,0,166.0,360.0,0.0,Rural,N,0,7361,Rejected,0,2.2551283792962913,461.1111111111111
LN100403,Male,Yes,0,Not Graduate,No,3288,0,89.0,360.0,1.0,Semiurban,N,0,3288,Rejected,0,2.706812652068127,247.22222222222223
LN100404,Female,No,0,Graduate,No,4559,2557,213.0,360.0,1.0,Rural,N,0,7116,Rejected,0,2.993254637436762,591.6666666666666
LN100405,Male,No,1,Graduate,No,4399,1484,156.0,360.0,1.0,Semiurban,Y,1,5883,Approved,1,2.651708312085671,433.3333333333333
LN100406,Female,Yes,1,Not Graduate,No,2106,0,63.0,300.0,0.0,Rural,N,1,2106,Rejected,0,2.9914529914529915,210.0
LN100407,Male,No,0,Not Graduate,No,2865,5077,172.0,360.0,1.0,Rural,Y,0,7942,Approved,1,2.1657013346764042,477.77777777777777
LN100408,Male,No,0,Not Graduate,No,3438,0,87.0,360.0,1.0,Rural,Y,0,3438,Approved,1,2.530541012216405,241.66666666666666
LN100409,Female,Yes,3+,Graduate,No,1693,2572,104.0,360.0,1.0,Urban,N,3,4265,Rejected,0,2.4384525205158267,288.8888888888889
LN100410,Male,No,0,Graduate,No,4604,0,84.0,360.0,1.0,Urban,Y,0,4604,Approved,1,1.8245004344048652,233.33333333333334
LN100411,Male,Yes,1,Graduate,Yes,3993,1825,150.0,360.0,0.0,Semiurban,Y,1,5818,Approved,1,2.578205568924029,416.6666666666667
LN100412,Female,Yes,0,Graduate,Yes,2016,0,55.0,360.0,1.0,Semiurban,Y,0,2016,Approved,1,2.7281746031746033,152.77777777777777
LN100413,Female,Yes,0,Graduate,No,5464,2473,209.0,360.0,1.0,Rural,Y,0,7937,Approved,1,2.6332367393221623,580.5555555555555
LN100414,Male,Yes,0,Graduate,No,6345,0,180.0,180.0,1.0,Urban,N,0,6345,Rejected,0,2.8368794326241136,1000.0
LN100415,Male,Yes,0,Not Graduate,No,5018,0,130.0,360.0,1.0,Urban,Y,0,5018,Approved,1,2.5906735751295336,361.1111111111111
LN100416,Male,No,3+,Graduate,No,3852,0,73.0,240.0,1.0,Rural,Y,3,3852,Approved,1,1.8951194184839044,304.1666666666667
LN100417,Male,Yes,0,Graduate,No,5977,0,117.0,180.0,1.0,Urban,Y,0,5977,Approved,1,1.9575037644303164,650.0
LN100418,Male,Yes,0,Graduate,Yes,6238,0,164.0,480.0,0.0,Semiurban,N,0,6238,Rejected,0,2.6290477717217056,341.6666666666667
LN100419,Male,Yes,0,Graduate,No,5215,957,135.0,360.0,1.0,Semiurban,N,0,6172,Rejected,0,2.187297472456254,375.0
LN100420,Male,No,0,Graduate,No,3029,0,58.0,180.0,1.0,Semiurban,Y,0,3029,Approved,1,1.914823374050842,322.22222222222223
LN100421,Male,Yes,0,Graduate,Yes,5139,8552,329.0,360.0,1.0,Urban,N,0,13691,Rejected,0,2.4030384924402894,913.8888888888889
LN100422,Male,Yes,0,Graduate,No,7988,1408,242.0,240.0,1.0,Rural,N,0,9396,Rejected,0,2.5755640698169433,1008.3333333333334
LN100423,Male,Yes,2,Graduate,No,3379,1513,111.0,360.0,0.0,Semiurban,Y,2,4892,Approved,1,2.2690106295993457,308.3333333333333
LN100424,Male,Yes,0,Graduate,No,12318,1420,386.0,360.0,1.0,Rural,Y,0,13738,Approved,1,2.8097248507788617,1072.2222222222222
LN100425,Male,No,0,Not Graduate,No,3497,4004,203.0,360.0,1.0,Semiurban,Y,0,7501,Approved,1,2.7063058258898813,563.8888888888889
LN100426,Male,No,2,Graduate,No,4571,0,104.0,360.0,1.0,Urban,N,2,4571,Rejected,0,2.2752133012469917,288.8888888888889
LN100427,Male,Yes,0,Graduate,No,3259,2255,158.0,360.0,1.0,Urban,Y,0,5514,Approved,1,2.8654334421472614,438.8888888888889
LN100428,Female,No,3+,Graduate,Yes,5009,0,136.0,360.0,1.0,Urban,Y,3,5009,Approved,1,2.715112796965462,377.77777777777777
LN100429,Male,Yes,0,Not Graduate,No,1950,2655,124.0,360.0,0.0,Semiurban,Y,0,4605,Approved,1,2.6927252985884906,344.44444444444446
LN100430,Male,No,2,Graduate,No,3462,904,112.0,360.0,1.0,Urban,N,2,4366,Rejected,0,2.565277141548328,311.1111111111111
LN100431,Male,Yes,1,Graduate,No,2664,0,48.0,360.0,1.0,Semiurban,Y,1,2664,Approved,1,1.8018018018018018,133.33333333333334
LN100432,Male,Yes,2,Not Graduate,No,4802,0,133.0,360.0,1.0,Semiurban,N,2,4802,Rejected,0,2.7696793002915454,369.44444444444446
LN100433,Male,Yes,3+,Graduate,No,7253,0,169.0,360.0,1.0,Urban,N,3,7253,Rejected,0,2.3300703157314215,469.44444444444446
LN100434,Male,No,0,Graduate,No,6136,923,220.0,360.0,1.0,Urban,Y,0,7059,Approved,1,3.1165887519478677,611.1111111111111
LN100435,Male,Yes,3+,Graduate,Yes,1441,6979,248.0,180.0,0.0,Rural,N,3,8420,Rejected,0,2.9453681710213777,1377.7777777777778
LN100436,Male,Yes,0,Graduate,No,11992,0,315.0,360.0,1.0,Rural,Y,0,11992,Approved,1,2.6267511674449633,875.0
LN100437,Male,Yes,0,Graduate,No,5185,5231,224.0,360.0,1.0,Urban,N,0,10416,Rejected,0,2.1505376344086025,622.2222222222222
LN100438,Female,No,0,Graduate,No,3100,2262,112.0,360.0,1.0,Urban,Y,0,5362,Approved,1,2.088772845953003,311.1111111111111
LN100439,Male,Yes,0,Not Graduate,No,4853,0,110.0,360.0,0.0,Rural,Y,0,4853,Approved,1,2.266639192252215,305.55555555555554
LN100440,Male,No,0,Not Graduate,No,4897,0,121.0,360.0,1.0,Urban,Y,0,4897,Approved,1,2.4709005513579743,336.1111111111111
LN100441,Male,No,0,Graduate,No,3267,1407,104.0,240.0,0.0,Rural,N,0,4674,Rejected,0,2.2250748823277706,433.3333333333333
LN100442,Female,Yes,0,Graduate,No,4948,2725,193.0,360.0,1.0,Urban,N,0,7673,Rejected,0,2.5153134367261827,536.1111111111111
LN100443,Male,No,2,Graduate,No,3362,1951,108.0,360.0,0.0,Rural,N,2,5313,Rejected,0,2.0327498588368154,300.0
LN100444,Male,Yes,2,Not Graduate,No,3706,0,117.0,360.0,1.0,Urban,N,2,3706,Rejected,0,3.1570426335671886,325.0
LN100445,Female,No,0,Not Graduate,No,3237,0,63.0,360.0,1.0,Rural,Y,0,3237,Approved,1,1.9462465245597778,175.0
LN100446,Female,Yes,0,Graduate,No,2262,0,70.0,300.0,1.0,Urban,Y,0,2262,Approved,1,3.094606542882405,233.33333333333334
LN100447,Female,No,0,Not Graduate,No,4826,0,149.0,360.0,1.0,Semiurban,N,0,4826,Rejected,0,3.087443016991297,413.8888888888889
LN100448,Male,No,0,Graduate,No,5960,0,151.0,360.0,1.0,Urban,Y,0,5960,Approved,1,2.533557046979866,419.44444444444446
LN100449,Male,No,0,Graduate,No,5762,7034,360.0,240.0,1.0,Urban,N,0,12796,Rejected,0,2.8133791809940605,1500.0
LN100450,Male,No,0,Graduate,No,6670,0,161.0,360.0,1.0,Rural,Y,0,6670,Approved,1,2.413793103448276,447.22222222222223
LN100451,Male,Yes,0,Graduate,No,5258,4679,267.0,360.0,1.0,Semiurban,Y,0,9937,Approved,1,2.686927644158197,741.6666666666666
LN100452,Male,Yes,3+,Graduate,No,3485,0,79.0,360.0,0.0,Rural,N,3,3485,Rejected,0,2.266857962697274,219.44444444444446
LN100453,Male,No,0,Graduate,No,6734,812,168.0,180.0,1.0,Semiurban,N,0,7546,Rejected,0,2.2263450834879404,933.3333333333334
LN100454,Female,Yes,0,Graduate,No,2345,0,61.0,360.0,0.0,Rural,N,0,2345,Rejected,0,2.601279317697228,169.44444444444446
LN100455,Male,Yes,1,Not Graduate,No,2921,0,73.0,360.0,1.0,Semiurban,Y,1,2921,Approved,1,2.49914412872304,202.77777777777777
LN100456,Male,No,0,Graduate,Yes,2833,0,74.0,360.0,1.0,Rural,Y,0,2833,Approved,1,2.6120720084715847,205.55555555555554
LN100457,Male,No,0,Graduate,No,7557,3278,239.0,360.0,1.0,Rural,Y,0,10835,Approved,1,2.2058144900784495,663.8888888888889
LN100458,Male,No,1,Graduate,Yes,7075,5338,287.0,360.0,1.0,Semiurban,Y,1,12413,Approved,1,2.3120921614436476,797.2222222222222
LN100459,Male,Yes,0,Graduate,No,5686,0,109.0,360.0,0.0,Rural,N,0,5686,Rejected,0,1.9169890960253253,302.77777777777777
LN100460,Male,No,0,Graduate,No,7528,0,141.0,360.0,1.0,Rural,Y,0,7528,Approved,1,1.8730074388947928,391.6666666666667
LN100461,Male,Yes,3+,Graduate,No,2951,5054,172.0,360.0,0.0,Urban,N,3,8005,Rejected,0,2.1486570893191757,477.77777777777777
LN100462,Male,No,2,Graduate,No,5320,0,101.0,120.0,0.0,Semiurban,N,2,5320,Rejected,0,1.8984962406015038,841.6666666666666
LN100463,Male,Yes,1,Graduate,No,4238,0,82.0,120.0,1.0,Urban,N,1,4238,Rejected,0,1.9348749410099102,683.3333333333334
LN100464,Male,No,0,Graduate,Yes,6757,4658,335.0,300.0,0.0,Rural,N,0,11415,Rejected,0,2.9347349978098993,1116.6666666666667
LN100465,Female,No,1,Graduate,No,4258,429,87.0,180.0,1.0,Urban,Y,1,4687,Approved,1,1.8561979944527418,483.3333333333333
LN100466,Male,Yes,0,Graduate,No,3741,0,102.0,300.0,0.0,Urban,N,0,3741,Rejected,0,2.72654370489174,340.0
LN100467,Male,No,0,Graduate,Yes,5834,0,127.0,240.0,1.0,Semiurban,Y,0,5834,Approved,1,2.1768940692492285,529.1666666666666
LN100468,Female,Yes,0,Graduate,No,6853,1834,262.0,120.0,1.0,Semiurban,N,0,8687,Rejected,0,3.016000920916312,2183.3333333333335
LN100469,Male,No,0,Not Graduate,No,3265,0,81.0,360.0,0.0,Rural,N,0,3265,Rejected,0,2.4808575803981623,225.0
LN100470,Female,No,0,Graduate,No,4370,0,97.0,120.0,1.0,Rural,Y,0,4370,Approved,1,2.2196796338672766,808.3333333333334
LN100471,Male,Yes,0,Graduate,No,2708,1746,112.0,360.0,1.0,Semiurban,Y,0,4454,Approved,1,2.5145936237090254,311.1111111111111
LN100472,Female,No,3+,Graduate,No,1357,1225,137.0,240.0,1.0,Urban,Y,3,2582,Approved,1,5.305964368706429,570.8333333333334
LN100473,Male,No,2,Graduate,No,4955,0,128.0,360.0,1.0,Rural,Y,2,4955,Approved,1,2.5832492431886984,355.55555555555554
LN100474,Female,Yes,1,Graduate,No,6028,8416,283.0,360.0,1.0,Semiurban,Y,1,14444,Approved,1,1.959291055109388,786.1111111111111
LN100475,Male,Yes,0,Not Graduate,No,5103,1175,201.0,360.0,0.0,Semiurban,Y,0,6278,Approved,1,3.201656578528193,558.3333333333334
LN100476,Female,No,2,Not Graduate,No,1765,0,42.0,360.0,1.0,Urban,Y,2,1765,Approved,1,2.379603399433428,116.66666666666667
LN100477,Male,No,0,Not Graduate,No,3803,1928,131.0,120.0,1.0,Semiurban,Y,0,5731,Approved,1,2.285813994067353,1091.6666666666667
LN100478,Male,No,2,Graduate,No,1552,0,43.0,480.0,1.0,Semiurban,Y,2,1552,Approved,1,2.770618556701031,89.58333333333333
LN100479,Female,No,0,Graduate,No,8684,0,201.0,360.0,1.0,Rural,Y,0,8684,Approved,1,2.314601566098572,558.3333333333334
LN100480,Male,Yes,2,Graduate,No,2672,1628,128.0,360.0,1.0,Semiurban,Y,2,4300,Approved,1,2.9767441860465116,355.55555555555554
LN100481,Male,No,0,Graduate,No,8221,0,200.0,360.0,1.0,Rural,Y,0,8221,Approved,1,2.4327940639824837,555.5555555555555
LN100482,Male,Yes,2,Graduate,No,7086,0,199.0,360.0,0.0,Semiurban,N,2,7086,Rejected,0,2.8083545018346037,552.7777777777778
LN100483,Male,Yes,3+,Graduate,No,2921,0,57.0,360.0,1.0,Urban,Y,3,2921,Approved,1,1.9513865114686753,158.33333333333334
LN100484,Male,Yes,0,Not Graduate,No,2613,0,78.0,360.0,1.0,Rural,Y,0,2613,Approved,1,2.9850746268656714,216.66666666666666
LN100485,Male,Yes,0,Graduate,No,5324,1399,190.0,360.0,0.0,Semiurban,N,0,6723,Rejected,0,2.826119291982746,527.7777777777778
LN100486,Female,Yes,3+,Graduate,No,3001,860,81.0,180.0,1.0,Urban,N,3,3861,Rejected,0,2.097902097902098,450.0
LN100487,Male,Yes,0,Graduate,Yes,4727,2520,145.0,360.0,1.0,Semiurban,Y,0,7247,Approved,1,2.0008279287981234,402.77777777777777
LN100488,Male,No,2,Graduate,No,3569,0,80.0,240.0,1.0,Semiurban,Y,2,3569,Approved,1,2.241524236480807,333.3333333333333
LN100489,Female,Yes,1,Graduate,No,1914,0,61.0,300.0,0.0,Rural,N,1,1914,Rejected,0,3.187042842215256,203.33333333333334
LN100490,Female,Yes,0,Graduate,No,1543,0,40.0,360.0,1.0,Semiurban,N,0,1543,Rejected,0,2.592352559948153,111.11111111111111
LN100491,Male,Yes,0,Graduate,No,5017,0,122.0,360.0,1.0,Semiurban,Y,0,5017,Approved,1,2.431732110823201,338.8888888888889
LN100492,Male,Yes,0,Graduate,No,3437,0,63.0,360.0,1.0,Urban,Y,0,3437,Approved,1,1.8329938900203666,175.0
LN100493,Male,Yes,2,Not Graduate,No,3451,2362,137.0,300.0,1.0,Semiurban,Y,2,5813,Approved,1,2.3567865129881302,456.6666666666667
LN100494,Male,Yes,0,Not Graduate,No,6285,8484,384.0,120.0,1.0,Rural,N,0,14769,Rejected,0,2.6000406256347754,3200.0
LN100495,Male,Yes,0,Graduate,No,7904,3507,358.0,360.0,1.0,Rural,N,0,11411,Rejected,0,3.137323635088949,994.4444444444445
LN100496,Male,No,0,Graduate,No,3948,0,100.0,480.0,1.0,Urban,Y,0,3948,Approved,1,2.532928064842958,208.33333333333334
LN100497,Male,Yes,1,Not Graduate,No,3821,989,142.0,360.0,1.0,Urban,N,1,4810,Rejected,0,2.9521829521829526,394.44444444444446
LN100498,Male,Yes,2,Not Graduate,Yes,5721,0,147.0,360.0,1.0,Semiurban,Y,2,5721,Approved,1,2.5694808599895125,408.3333333333333
LN100499,Female,Yes,3+,Graduate,No,2346,0,44.0,360.0,1.0,Semiurban,N,3,2346,Rejected,0,1.875532821824382,122.22222222222223
LN100500,Female,No,0,Graduate,No,5009,1658,149.0,360.0,1.0,Rural,Y,0,6667,Approved,1,2.2348882555872205,413.8888888888889
LN100501,Male,Yes,2,Graduate,No,5865,3021,232.0,360.0,0.0,Rural,Y,2,8886,Approved,1,2.6108485257708756,644.4444444444445
LN100502,Male,Yes,2,Not Graduate,No,6238,0,195.0,360.0,1.0,Semiurban,Y,2,6238,Approved,1,3.1260019236934915,541.6666666666666
LN100503,Male,Yes,1,Not Graduate,No,1776,0,53.0,360.0,1.0,Rural,Y,1,1776,Approved,1,2.9842342342342345,147.22222222222223
LN100504,Female,Yes,3+,Graduate,Yes,3122,0,66.0,360.0,0.0,Semiurban,Y,3,3122,Approved,1,2.114029468289558,183.33333333333334
LN100505,Male,Yes,0,Not Graduate,No,2952,2164,108.0,360.0,1.0,Urban,N,0,5116,Rejected,0,2.111024237685692,300.0
LN100506,Male,Yes,0,Graduate,No,4721,0,98.0,360.0,1.0,Semiurban,Y,0,4721,Approved,1,2.0758313916543107,272.22222222222223
LN100507,Female,Yes,2,Not Graduate,No,5668,1658,226.0,300.0,1.0,Rural,N,2,7326,Rejected,0,3.0849030849030847,753.3333333333334
LN100508,Female,Yes,0,Graduate,Yes,9230,0,276.0,180.0,1.0,Rural,Y,0,9230,Approved,1,2.990249187432286,1533.3333333333333
LN100509,Female,Yes,2,Not Graduate,No,3548,0,102.0,360.0,0.0,Semiurban,Y,2,3548,Approved,1,2.874859075535513,283.3333333333333
LN100510,Male,No,2,Graduate,No,3544,0,83.0,300.0,1.0,Semiurban,N,2,3544,Rejected,0,2.341986455981941,276.6666666666667
LN100511,Male,No,0,Graduate,No,7814,0,196.0,240.0,1.0,Rural,Y,0,7814,Approved,1,2.50831840286665,816.6666666666666
LN100512,Male,No,2,Graduate,No,5188,0,127.0,360.0,1.0,Semiurban,Y,2,5188,Approved,1,2.447956823438705,352.77777777777777
LN100513,Female,No,0,Not Graduate,Yes,8269,5944,306.0,360.0,1.0,Semiurban,N,0,14213,Rejected,0,2.152958559065644,850.0
LN100514,Female,Yes,0,Not Graduate,No,5169,4573,244.0,360.0,1.0,Rural,Y,0,9742,Approved,1,2.5046191747074524,677.7777777777778
LN100515,Male,Yes,1,Not Graduate,No,2582,1687,79.0,360.0,1.0,Rural,N,1,4269,Rejected,0,1.8505504802061372,219.44444444444446
LN100516,Male,Yes,3+,Not Graduate,No,2373,3455,116.0,360.0,1.0,Semiurban,Y,3,5828,Approved,1,1.990391214824983,322.22222222222223
LN100517,Male,Yes,0,Graduate,No,2137,3545,173.0,360.0,1.0,Semiurban,Y,0,5682,Approved,1,3.0447025695177756,480.55555555555554
LN100518,Female,No,0,Graduate,No,6183,3795,285.0,360.0,0.0,Semiurban,N,0,9978,Rejected,0,2.85628382441371,791.6666666666666
LN100519,Female,Yes,1,Graduate,No,7961,831,210.0,360.0,1.0,Urban,Y,1,8792,Approved,1,2.388535031847134,583.3333333333334
LN100520,Male,No,1,Graduate,Yes,10933,0,276.0,360.0,1.0,Rural,Y,1,10933,Approved,1,2.524467209366139,766.6666666666666
LN100521,Male,Yes,1,Graduate,No,6745,0,156.0,480.0,1.0,Semiurban,N,1,6745,Rejected,0,2.312824314306894,325.0
LN100522,Male,No,0,Graduate,No,7864,0,223.0,360.0,1.0,Rural,N,0,7864,Rejected,0,2.835707019328586,619.4444444444445
LN100523,Female,Yes,0,Graduate,No,3406,0,99.0,300.0,1.0,Urban,N,0,3406,Rejected,0,2.906635349383441,330.0
LN100524,Female,Yes,0,Graduate,No,2583,0,74.0,360.0,1.0,Semiurban,Y,0,2583,Approved,1,2.8648857917150603,205.55555555555554
LN100525,Female,Yes,2,Graduate,No,6767,1945,245.0,180.0,1.0,Urban,N,2,8712,Rejected,0,2.8122130394857665,1361.111111111111
LN100526,Male,Yes,0,Graduate,No,5499,0,115.0,480.0,1.0,Rural,N,0,5499,Rejected,0,2.0912893253318785,239.58333333333334
LN100527,Male,Yes,0,Not Graduate,No,4738,0,108.0,360.0,0.0,Semiurban,Y,0,4738,Approved,1,2.2794428028704092,300.0
LN100528,Male,Yes,3+,Graduate,No,5420,0,133.0,360.0,1.0,Semiurban,Y,3,5420,Approved,1,2.4538745387453877,369.44444444444446
LN100529,Male,No,0,Not Graduate,No,5255,0,119.0,360.0,1.0,Urban,Y,0,5255,Approved,1,2.264509990485252,330.55555555555554
LN100530,Female,Yes,3+,Graduate,No,8334,0,238.0,360.0,1.0,Urban,N,3,8334,Rejected,0,2.855771538276938,661.1111111111111
LN100531,Female,Yes,1,Graduate,No,8379,0,189.0,180.0,1.0,Urban,Y,1,8379,Approved,1,2.2556390977443606,1050.0
LN100532,Male,Yes,2,Not Graduate,No,5843,0,116.0,360.0,1.0,Urban,Y,2,5843,Approved,1,1.9852815334588398,322.22222222222223
LN100533,Female,No,0,Graduate,No,6754,0,159.0,360.0,0.0,Semiurban,Y,0,6754,Approved,1,2.3541604974829733,441.6666666666667
LN100534,Male,Yes,0,Graduate,No,5759,3055,280.0,360.0,1.0,Semiurban,N,0,8814,Rejected,0,3.176764238711141,777.7777777777778
LN100535,Male,Yes,1,Graduate,No,3606,1692,112.0,360.0,1.0,Semiurban,Y,1,5298,Approved,1,2.1140052850132123,311.1111111111111
LN100536,Female,Yes,2,Graduate,No,6470,0,172.0,300.0,1.0,Semiurban,Y,2,6470,Approved,1,2.6584234930448223,573.3333333333334
LN100537,Female,Yes,2,Graduate,No,2304,0,55.0,300.0,0.0,Urban,Y,2,2304,Approved,1,2.3871527777777777,183.33333333333334
LN100538,Male,No,0,Graduate,No,7463,0,142.0,240.0,1.0,Urban,Y,0,7463,Approved,1,1.9027200857563982,591.6666666666666
LN100539,Male,Yes,2,Graduate,Yes,2536,4688,179.0,360.0,1.0,Urban,Y,2,7224,Approved,1,2.4778516057585827,497.22222222222223
LN100540,Male,Yes,2,Graduate,Yes,5162,0,144.0,360.0,1.0,Rural,Y,2,5162,Approved,1,2.7896164277411857,400.0
LN100541,Female,No,1,Graduate,No,2999,0,76.0,360.0,1.0,Semiurban,N,1,2999,Rejected,0,2.534178059353118,211.11111111111111
LN100542,Male,Yes,2,Not Graduate,No,5869,4049,300.0,360.0,1.0,Urban,N,2,9918,Rejected,0,3.0248033877797944,833.3333333333334
LN100543,Male,Yes,2,Graduate,No,4427,0,98.0,360.0,1.0,Urban,Y,2,4427,Approved,1,2.213688728258414,272.22222222222223
LN100544,Male,Yes,1,Graduate,No,2093,0,40.0,360.0,0.0,Rural,Y,1,2093,Approved,1,1.9111323459149547,111.11111111111111
LN100545,Male,No,0,Not Graduate,No,5507,0,171.0,300.0,1.0,Rural,Y,0,5507,Approved,1,3.1051389141093155,570.0
LN100546,Male,Yes,0,Graduate,No,3410,2641,141.0,240.0,0.0,Semiurban,N,0,6051,Rejected,0,2.330193356470005,587.5
LN100547,Male,No,0,Graduate,Yes,6869,4517,297.0,480.0,1.0,Semiurban,Y,0,11386,Approved,1,2.6084665378535044,618.75
LN100548,Male,Yes,0,Graduate,No,4503,2219,196.0,360.0,0.0,Urban,Y,0,6722,Approved,1,2.915798869384112,544.4444444444445
LN100549,Male,Yes,0,Graduate,No,5441,0,123.0,480.0,1.0,Rural,Y,0,5441,Approved,1,2.260613857746738,256.25
LN100550,Male,Yes,0,Graduate,No,2842,0,80.0,360.0,1.0,Rural,N,0,2842,Rejected,0,2.8149190710767065,222.22222222222223
LN100551,Male,No,0,Not Graduate,No,3391,2691,121.0,360.0,1.0,Urban,N,0,6082,Rejected,0,1.9894771456757645,336.1111111111111
LN100552,Female,Yes,0,Graduate,Yes,3611,2821,142.0,300.0,1.0,Rural,Y,0,6432,Approved,1,2.20771144278607,473.3333333333333
LN100553,Male,No,2,Graduate,No,6789,0,136.0,300.0,1.0,Rural,Y,2,6789,Approved,1,2.003240536161438,453.3333333333333
LN100554,Male,No,3+,Graduate,No,10067,4848,438.0,360.0,1.0,Urban,N,3,14915,Rejected,0,2.9366409654710024,1216.6666666666667
LN100555,Female,Yes,0,Graduate,No,3057,0,65.0,360.0,1.0,Semiurban,N,0,3057,Rejected,0,2.126267582597318,180.55555555555554
LN100556,Male,Yes,3+,Graduate,No,7546,0,212.0,240.0,1.0,Urban,Y,3,7546,Approved,1,2.809435462496687,883.3333333333334
LN100557,Male,Yes,0,Graduate,No,1588,1271,137.0,300.0,1.0,Urban,Y,0,2859,Approved,1,4.791885274571529,456.6666666666667
LN100558,Male,Yes,0,Graduate,No,2537,0,64.0,180.0,1.0,Semiurban,Y,0,2537,Approved,1,2.5226645644461962,355.55555555555554
LN100559,Male,No,0,Graduate,No,2840,6411,236.0,360.0,1.0,Urban,Y,0,9251,Approved,1,2.551075559398984,655.5555555555555
LN100560,Male,No,0,Graduate,No,2351,0,57.0,360.0,1.0,Rural,Y,0,2351,Approved,1,2.4245002126754573,158.33333333333334
LN100561,Male,Yes,2,Graduate,No,2104,0,47.0,180.0,1.0,Rural,Y,2,2104,Approved,1,2.2338403041825097,261.1111111111111
LN100562,Male,Yes,1,Not Graduate,No,5487,6486,295.0,240.0,0.0,Urban,N,1,11973,Rejected,0,2.463877056710933,1229.1666666666667
LN100563,Male,No,0,Graduate,No,4061,3473,199.0,180.0,0.0,Semiurban,Y,0,7534,Approved,1,2.641359171754712,1105.5555555555557
LN100564,Male,Yes,0,Graduate,Yes,5399,0,172.0,360.0,1.0,Rural,Y,0,5399,Approved,1,3.185775143545101,477.77777777777777
LN100565,Male,No,0,Graduate,No,6268,0,195.0,180.0,1.0,Rural,N,0,6268,Rejected,0,3.11104020421187,1083.3333333333333
LN100566,Male,Yes,0,Graduate,No,5112,3886,271.0,360.0,1.0,Rural,Y,0,8998,Approved,1,3.011780395643476,752.7777777777778
LN100567,Male,No,0,Graduate,No,6171,0,188.0,120.0,1.0,Semiurban,Y,0,6171,Approved,1,3.046507859342084,1566.6666666666667
LN100568,Male,Yes,0,Graduate,No,4352,1196,136.0,300.0,1.0,Semiurban,Y,0,5548,Approved,1,2.451333813987022,453.3333333333333
LN100569,Female,Yes,2,Graduate,Yes,2545,1995,124.0,360.0,1.0,Semiurban,Y,2,4540,Approved,1,2.7312775330396475,344.44444444444446
LN100570,Male,Yes,3+,Not Graduate,No,7477,0,228.0,360.0,1.0,Rural,Y,3,7477,Approved,1,3.049351344121974,633.3333333333334
LN100571,Male,Yes,0,Graduate,No,3392,0,80.0,180.0,1.0,Semiurban,Y,0,3392,Approved,1,2.358490566037736,444.44444444444446
LN100572,Male,Yes,2,Graduate,No,2872,0,90.0,360.0,1.0,Rural,Y,2,2872,Approved,1,3.1337047353760443,250.0
LN100573,Male,No,0,Not Graduate,No,4132,4662,209.0,360.0,0.0,Urban,Y,0,8794,Approved,1,2.376620423015692,580.5555555555555
LN100574,Male,No,0,Not Graduate,No,2904,0,77.0,360.0,1.0,Rural,Y,0,2904,Approved,1,2.6515151515151514,213.88888888888889
LN100575,Female,Yes,0,Not Graduate,No,3683,0,103.0,360.0,1.0,Semiurban,Y,0,3683,Approved,1,2.7966331794732553,286.1111111111111
LN100576,Female,Yes,1,Graduate,No,5308,0,166.0,360.0,0.0,Semiurban,Y,1,5308,Approved,1,3.1273549359457418,461.1111111111111
LN100577,Male,Yes,3+,Graduate,No,5319,1476,146.0,480.0,1.0,Semiurban,Y,3,6795,Approved,1,2.1486387049300957,304.1666666666667
LN100578,Female,Yes,1,Graduate,No,2924,0,83.0,300.0,1.0,Urban,Y,1,2924,Approved,1,2.838577291381669,276.6666666666667
LN100579,Male,Yes,0,Graduate,No,3561,0,90.0,360.0,1.0,Urban,Y,0,3561,Approved,1,2.527379949452401,250.0
LN100580,Male,Yes,0,Graduate,No,7536,2547,219.0,360.0,1.0,Urban,Y,0,10083,Approved,1,2.1719726271942874,608.3333333333334
LN100581,Male,Yes,0,Graduate,No,5711,2217,229.0,180.0,1.0,Urban,Y,0,7928,Approved,1,2.8884964682139254,1272.2222222222222
LN100582,Female,Yes,2,Not Graduate,No,12184,5497,455.0,120.0,1.0,Semiurban,N,2,17681,Rejected,0,2.573383858379051,3791.6666666666665
LN100583,Male,Yes,0,Graduate,No,7929,0,216.0,240.0,1.0,Rural,N,0,7929,Rejected,0,2.724177071509648,900.0
LN100584,Male,Yes,0,Not Graduate,No,7794,0,176.0,360.0,0.0,Semiurban,Y,0,7794,Approved,1,2.258147292789325,488.8888888888889
LN100585,Male,No,1,Graduate,No,2312,5115,184.0,360.0,1.0,Urban,N,1,7427,Rejected,0,2.4774471522822137,511.1111111111111
LN100586,Male,Yes,1,Graduate,No,6493,0,173.0,360.0,0.0,Rural,Y,1,6493,Approved,1,2.664407823810257,480.55555555555554
LN100587,Male,No,0,Graduate,No,4387,11329,372.0,180.0,1.0,Semiurban,N,0,15716,Rejected,0,2.3670145075082716,2066.6666666666665
LN100588,Male,Yes,0,Graduate,Yes,3454,1773,109.0,360.0,0.0,Rural,Y,0,5227,Approved,1,2.085326190931701,302.77777777777777
LN100589,Male,Yes,0,Graduate,No,4878,0,153.0,360.0,1.0,Semiurban,Y,0,4878,Approved,1,3.136531365313653,425.0
LN100590,Male,No,1,Graduate,No,7084,2333,237.0,360.0,1.0,Urban,Y,1,9417,Approved,1,2.5167250716788785,658.3333333333334
LN100591,Male,No,2,Not Graduate,No,5723,5573,319.0,360.0,1.0,Semiurban,Y,2,11296,Approved,1,2.824008498583569,886.1111111111111
LN100592,Male,No,2,Graduate,No,2952,0,137.0,360.0,1.0,Semiurban,Y,2,2952,Approved,1,4.6409214092140925,380.55555555555554
LN100593,Male,Yes,0,Graduate,No,6427,0,148.0,360.0,1.0,Urban,N,0,6427,Rejected,0,2.3027851252528397,411.1111111111111
LN100594,Male,Yes,0,Graduate,No,3314,0,79.0,360.0,1.0,Urban,Y,0,3314,Approved,1,2.3838261919130956,219.44444444444446
LN100595,Female,No,0,Graduate,No,4993,0,118.0,360.0,0.0,Urban,N,0,4993,Rejected,0,2.363308632084919,327.77777777777777
LN100596,Male,Yes,2,Graduate,No,3890,0,100.0,360.0,0.0,Urban,N,2,3890,Rejected,0,2.570694087403599,277.77777777777777
LN100597,Male,Yes,0,Graduate,No,4051,1787,150.0,360.0,1.0,Semiurban,Y,0,5838,Approved,1,2.5693730729701953,416.6666666666667
LN100598,Male,Yes,0,Graduate,No,6500,3738,256.0,300.0,1.0,Semiurban,Y,0,10238,Approved,1,2.5004883766360617,853.3333333333334
LN100599,Male,Yes,0,Graduate,No,2731,0,54.0,360.0,1.0,Urban,Y,0,2731,Approved,1,1.9772976931526913,150.0
LN100600,Male,No,0,Graduate,No,11447,0,286.0,180.0,1.0,Semiurban,Y,0,11447,Approved,1,2.4984712151655453,1588.888888888889
LN100601,Male,Yes,1,Graduate,No,1878,5889,158.0,360.0,0.0,Semiurban,Y,1,7767,Approved,1,2.0342474571906783,438.8888888888889
LN100602,Male,Yes,0,Graduate,No,3378,0,67.0,360.0,1.0,Urban,Y,0,3378,Approved,1,1.9834221432800474,186.11111111111111
LN100603,Male,Yes,0,Graduate,No,5375,1874,225.0,300.0,0.0,Urban,Y,0,7249,Approved,1,3.1038763967443783,750.0
LN100604,Male,Yes,0,Graduate,No,5957,0,158.0,300.0,1.0,Urban,Y,0,5957,Approved,1,2.6523417827765656,526.6666666666666
LN100605,Male,Yes,0,Graduate,No,4288,0,117.0,360.0,1.0,Semiurban,N,0,4288,Rejected,0,2.728544776119403,325.0
LN100606,Male,Yes,0,Graduate,No,4378,0,103.0,360.0,1.0,Urban,Y,0,4378,Approved,1,2.3526724531749656,286.1111111111111
LN100607,Male,Yes,0,Not Graduate,No,5480,3917,289.0,360.0,1.0,Semiurban,Y,0,9397,Approved,1,3.0754496115781635,802.7777777777778
LN100608,Male,No,0,Graduate,No,4028,0,108.0,360.0,1.0,Semiurban,Y,0,4028,Approved,1,2.6812313803376364,300.0
LN100609,Male,Yes,1,Not Graduate,No,8783,2736,331.0,360.0,0.0,Semiurban,N,1,11519,Rejected,0,2.8735133258095322,919.4444444444445
LN100610,Male,Yes,0,Not Graduate,No,6733,0,137.0,360.0,1.0,Urban,Y,0,6733,Approved,1,2.034754195752265,380.55555555555554
LN100611,Male,No,2,Graduate,No,6842,0,215.0,360.0,1.0,Semiurban,Y,2,6842,Approved,1,3.1423560362467113,597.2222222222222
LN100612,Male,No,0,Graduate,Yes,2830,0,83.0,240.0,1.0,Semiurban,Y,0,2830,Approved,1,2.932862190812721,345.8333333333333
LN100613,Male,Yes,0,Graduate,No,4332,2277,198.0,360.0,1.0,Rural,Y,0,6609,Approved,1,2.9959146618247843,550.0
LN100614,Male,Yes,2,Not Graduate,Yes,3896,2246,125.0,360.0,1.0,Rural,Y,2,6142,Approved,1,2.0351676978183004,347.22222222222223
LN100615,Female,Yes,0,Graduate,No,2777,0,61.0,360.0,1.0,Semiurban,Y,0,2777,Approved,1,2.19661505221462,169.44444444444446
LN100616,Female,No,0,Graduate,No,5349,0,118.0,360.0,1.0,Semiurban,Y,0,5349,Approved,1,2.2060198167881846,327.77777777777777
LN100617,Male,No,0,Graduate,No,3476,0,137.0,360.0,0.0,Semiurban,N,0,3476,Rejected,0,3.941311852704258,380.55555555555554
LN100618,Male,No,0,Not Graduate,No,6164,0,185.0,240.0,1.0,Rural,Y,0,6164,Approved,1,3.0012978585334196,770.8333333333334
LN100619,Female,Yes,2,Not Graduate,No,2692,0,50.0,360.0,0.0,Urban,N,2,2692,Rejected,0,1.8573551263001487,138.88888888888889
LN100620,Male,No,0,Graduate,No,10270,1565,226.0,300.0,1.0,Rural,N,0,11835,Rejected,0,1.9095901985635826,753.3333333333334
LN100621,Male,Yes,2,Graduate,No,2927,15230,396.0,240.0,0.0,Semiurban,Y,2,18157,Approved,1,2.1809770336509335,1650.0
LN100622,Male,Yes,2,Graduate,No,5000,0,104.0,180.0,1.0,Semiurban,Y,2,5000,Approved,1,2.08,577.7777777777778
LN100623,Male,Yes,0,Graduate,No,6581,0,140.0,360.0,1.0,Urban,N,0,6581,Rejected,0,2.127336271083422,388.8888888888889
LN100624,Male,No,2,Not Graduate,No,3422,4030,217.0,360.0,0.0,Semiurban,N,2,7452,Rejected,0,2.9119699409554483,602.7777777777778
LN100625,Male,Yes,0,Graduate,No,6775,648,192.0,360.0,1.0,Semiurban,Y,0,7423,Approved,1,2.5865553010912032,533.3333333333334
LN100626,Male,No,3+,Graduate,No,2494,0,45.0,360.0,1.0,Urban,Y,3,2494,Approved,1,1.8043303929430634,125.0
LN100627,Male,Yes,0,Graduate,No,9035,0,217.0,360.0,1.0,Urban,Y,0,9035,Approved,1,2.4017708909795243,602.7777777777778
LN100628,Male,Yes,1,Not Graduate,No,4531,0,107.0,360.0,0.0,Rural,Y,1,4531,Approved,1,2.3615096005296845,297.22222222222223
LN100629,Male,Yes,0,Not Graduate,No,3380,0,66.0,360.0,1.0,Semiurban,Y,0,3380,Approved,1,1.9526627218934909,183.33333333333334
LN100630,Male,Yes,0,Graduate,No,3898,0,107.0,360.0,1.0,Semiurban,Y,0,3898,Approved,1,2.744997434581837,297.22222222222223
LN100631,Male,No,1,Graduate,Yes,6635,0,185.0,360.0,1.0,Urban,Y,1,6635,Approved,1,2.7882441597588548,513.8888888888889
LN100632,Female,Yes,1,Graduate,No,3399,5193,241.0,360.0,0.0,Semiurban,N,1,8592,Rejected,0,2.804934823091248,669.4444444444445
LN100633,Male,No,0,Graduate,No,3141,0,89.0,360.0,1.0,Semiurban,Y,0,3141,Approved,1,2.833492518306272,247.22222222222223
LN100634,Male,No,0,Graduate,No,4046,0,73.0,360.0,1.0,Semiurban,N,0,4046,Rejected,0,1.8042511122095897,202.77777777777777
LN100635,Male,No,1,Graduate,Yes,2558,0,80.0,240.0,1.0,Semiurban,N,1,2558,Rejected,0,3.1274433150899137,333.3333333333333
LN100636,Male,Yes,1,Graduate,No,10783,7989,552.0,240.0,1.0,Semiurban,N,1,18772,Rejected,0,2.940549754954187,2300.0
LN100637,Male,Yes,3+,Not Graduate,No,3429,2130,170.0,360.0,1.0,Semiurban,N,3,5559,Rejected,0,3.058103975535168,472.22222222222223
LN100638,Male,Yes,2,Graduate,No,6708,0,122.0,360.0,1.0,Urban,Y,2,6708,Approved,1,1.8187239117471676,338.8888888888889
LN100639,Male,No,3+,Graduate,No,4976,0,155.0,120.0,1.0,Rural,Y,3,4976,Approved,1,3.114951768488746,1291.6666666666667
LN100640,Male,No,1,Graduate,No,2805,1894,138.0,360.0,1.0,Semiurban,Y,1,4699,Approved,1,2.9367950627793147,383.3333333333333
LN100641,Male,Yes,0,Graduate,No,4487,0,133.0,300.0,1.0,Urban,Y,0,4487,Approved,1,2.9641185647425896,443.3333333333333
LN100642,Male,No,0,Not Graduate,No,6556,0,127.0,360.0,1.0,Semiurban,N,0,6556,Rejected,0,1.9371568029286148,352.77777777777777
LN100643,Male,Yes,2,Graduate,No,4111,0,117.0,360.0,1.0,Rural,N,2,4111,Rejected,0,2.8460228654828508,325.0
LN100644,Male,Yes,1,Graduate,Yes,7979,0,251.0,360.0,1.0,Urban,Y,1,7979,Approved,1,3.145757613736057,697.2222222222222
LN100645,Male,Yes,0,Graduate,No,7348,0,202.0,300.0,1.0,Urban,Y,0,7348,Approved,1,2.749047359825803,673.3333333333334
LN100646,Female,No,0,Graduate,No,6995,5105,314.0,300.0,0.0,Semiurban,Y,0,12100,Approved,1,2.5950413223140494,1046.6666666666667
LN100647,Male,Yes,3+,Graduate,No,3609,3154,211.0,360.0,1.0,Urban,Y,3,6763,Approved,1,3.1199171965104244,586.1111111111111
LN100648,Male,No,0,Graduate,No,2680,0,65.0,240.0,1.0,Rural,Y,0,2680,Approved,1,2.425373134328358,270.8333333333333
LN100649,Male,No,0,Graduate,No,3352,4507,207.0,360.0,1.0,Urban,Y,0,7859,Approved,1,2.6339228909530474,575.0
LN100650,Male,No,0,Not Graduate,No,4944,0,122.0,360.0,1.0,Rural,N,0,4944,Rejected,0,2.467637540453074,338.8888888888889
LN100651,Male,Yes,0,Graduate,Yes,5848,0,182.0,240.0,0.0,Urban,N,0,5848,Rejected,0,3.112175102599179,758.3333333333334
LN100652,Male,Yes,0,Graduate,No,1587,981,49.0,300.0,0.0,Urban,N,0,2568,Rejected,0,1.9080996884735202,163.33333333333334
LN100653,Male,Yes,0,Not Graduate,No,4483,1789,157.0,360.0,1.0,Rural,N,0,6272,Rejected,0,2.503188775510204,436.1111111111111
LN100654,Male,Yes,0,Graduate,No,4855,0,134.0,240.0,1.0,Semiurban,N,0,4855,Rejected,0,2.760041194644696,558.3333333333334
LN100655,Male,Yes,2,Graduate,No,3939,0,115.0,120.0,1.0,Semiurban,Y,2,3939,Approved,1,2.91952272150292,958.3333333333334
LN100656,Male,No,0,Graduate,No,8364,5700,368.0,360.0,1.0,Urban,N,0,14064,Rejected,0,2.6166097838452784,1022.2222222222222
LN100657,Male,Yes,2,Graduate,No,5510,2461,245.0,480.0,1.0,Semiurban,Y,2,7971,Approved,1,3.0736419520762763,510.4166666666667
LN100658,Male,Yes,2,Graduate,No,8440,992,294.0,360.0,1.0,Semiurban,Y,2,9432,Approved,1,3.11704834605598,816.6666666666666
LN100659,Male,Yes,0,Graduate,No,4057,0,77.0,240.0,1.0,Rural,Y,0,4057,Approved,1,1.8979541533152577,320.8333333333333
LN100660,Male,Yes,1,Not Graduate,No,7057,0,167.0,360.0,1.0,Rural,N,1,7057,Rejected,0,2.3664446648717585,463.8888888888889
LN100661,Male,Yes,0,Graduate,No,9864,0,181.0,360.0,0.0,Semiurban,Y,0,9864,Approved,1,1.834955393349554,502.77777777777777
LN100662,Female,Yes,2,Graduate,No,8446,0,191.0,360.0,1.0,Semiurban,Y,2,8446,Approved,1,2.261425526876628,530.5555555555555
LN100663,Male,No,0,Graduate,No,2664,889,91.0,360.0,1.0,Semiurban,Y,0,3553,Approved,1,2.561215873909372,252.77777777777777
LN100664,Male,Yes,1,Graduate,No,3984,0,123.0,360.0,1.0,Semiurban,Y,1,3984,Approved,1,3.087349397590361,341.6666666666667
LN100665,Male,No,1,Graduate,No,3813,0,114.0,360.0,1.0,Urban,N,1,3813,Rejected,0,2.989771833202203,316.6666666666667
LN100666,Male,No,0,Graduate,No,5691,4230,196.0,180.0,1.0,Semiurban,Y,0,9921,Approved,1,1.9756072976514463,1088.888888888889
LN100667,Male,Yes,0,Not Graduate,Yes,6256,0,121.0,360.0,1.0,Urban,Y,0,6256,Approved,1,1.934143222506394,336.1111111111111
LN100668,Male,No,1,Graduate,No,3008,0,79.0,360.0,1.0,Urban,N,1,3008,Rejected,0,2.6263297872340425,219.44444444444446
LN100669,Male,Yes,1,Graduate,No,4649,4430,231.0,360.0,1.0,Urban,N,1,9079,Rejected,0,2.5443330763299925,641.6666666666666
LN100670,Male,No,0,Graduate,No,1707,984,58.0,300.0,0.0,Semiurban,N,0,2691,Rejected,0,2.155332590115199,193.33333333333334
LN100671,Male,Yes,1,Graduate,No,8991,3098,370.0,120.0,1.0,Rural,Y,1,12089,Approved,1,3.0606336338820412,3083.3333333333335
LN100672,Female,No,0,Graduate,No,3519,0,109.0,360.0,1.0,Semiurban,Y,0,3519,Approved,1,3.0974708724069338,302.77777777777777
LN100673,Male,No,1,Graduate,No,4622,1971,156.0,360.0,1.0,Semiurban,Y,1,6593,Approved,1,2.3661459123312607,433.3333333333333
LN100674,Male,No,0,Graduate,Yes,3878,3470,224.0,360.0,0.0,Urban,N,0,7348,Rejected,0,3.0484485574305933,622.2222222222222
LN100675,Male,No,2,Graduate,No,7800,0,182.0,300.0,1.0,Semiurban,Y,2,7800,Approved,1,2.3333333333333335,606.6666666666666
LN100676,Female,Yes,0,Graduate,No,1153,0,40.0,300.0,1.0,Urban,Y,0,1153,Approved,1,3.469210754553339,133.33333333333334
LN100677,Male,Yes,0,Graduate,Yes,4464,2370,169.0,360.0,1.0,Semiurban,Y,0,6834,Approved,1,2.472929470295581,469.44444444444446
LN100678,Male,Yes,0,Graduate,No,4277,0,84.0,360.0,1.0,Rural,Y,0,4277,Approved,1,1.9639934533551555,233.33333333333334
LN100679,Female,Yes,0,Not Graduate,No,3619,1881,170.0,360.0,1.0,Urban,N,0,5500,Rejected,0,3.090909090909091,472.22222222222223
LN100680,Female,No,0,Graduate,No,10305,0,251.0,360.0,1.0,Urban,Y,0,10305,Approved,1,2.435710819990296,697.2222222222222
LN100681,Female,Yes,0,Graduate,No,2939,0,83.0,360.0,1.0,Semiurban,Y,0,2939,Approved,1,2.824089826471589,230.55555555555554
LN100682,Male,No,2,Graduate,No,6518,0,151.0,360.0,1.0,Rural,N,2,6518,Rejected,0,2.316661552623504,419.44444444444446
LN100683,Male,Yes,0,Graduate,No,5339,774,112.0,360.0,1.0,Rural,Y,0,6113,Approved,1,1.8321609684279403,311.1111111111111
LN100684,Male,No,0,Graduate,No,8245,0,160.0,360.0,0.0,Rural,N,0,8245,Rejected,0,1.9405700424499697,444.44444444444446
LN100685,Female,Yes,0,Graduate,No,3267,0,82.0,360.0,1.0,Semiurban,N,0,3267,Rejected,0,2.509947964493419,227.77777777777777
LN100686,Male,No,0,Graduate,No,3165,1607,132.0,360.0,1.0,Rural,N,0,4772,Rejected,0,2.7661357921207044,366.6666666666667
LN100687,Male,No,0,Not Graduate,Yes,7616,1085,197.0,360.0,1.0,Urban,Y,0,8701,Approved,1,2.264107573842087,547.2222222222222
LN100688,Male,Yes,0,Graduate,Yes,5519,6525,334.0,300.0,0.0,Urban,Y,0,12044,Approved,1,2.7731650614413814,1113.3333333333333
LN100689,Male,Yes,0,Graduate,No,2144,0,60.0,360.0,1.0,Rural,Y,0,2144,Approved,1,2.798507462686567,166.66666666666666
LN100690,Male,No,0,Graduate,No,3474,0,97.0,360.0,1.0,Rural,N,0,3474,Rejected,0,2.79217040875072,269.44444444444446
LN100691,Male,Yes,0,Not Graduate,No,5417,1194,165.0,300.0,1.0,Urban,N,0,6611,Rejected,0,2.4958402662229617,550.0
LN100692,Male,Yes,1,Graduate,No,6728,1465,252.0,360.0,1.0,Urban,Y,1,8193,Approved,1,3.0757964115708534,700.0
LN100693,Male,Yes,0,Graduate,No,3248,0,81.0,240.0,1.0,Urban,Y,0,3248,Approved,1,2.4938423645320196,337.5
LN100694,Male,Yes,0,Graduate,No,1111,0,40.0,360.0,1.0,Urban,Y,0,1111,Approved,1,3.6003600360036003,111.11111111111111
LN100695,Male,Yes,3+,Graduate,No,5785,1748,157.0,480.0,1.0,Urban,Y,3,7533,Approved,1,2.0841630160626576,327.0833333333333
LN100696,Male,Yes,0,Graduate,No,2505,0,56.0,120.0,0.0,Rural,N,0,2505,Rejected,0,2.2355289421157685,466.6666666666667
LN100697,Male,Yes,1,Not Graduate,No,1709,1472,59.0,360.0,1.0,Semiurban,Y,1,3181,Approved,1,1.8547626532536938,163.88888888888889
LN100698,Male,Yes,0,Graduate,No,1156,0,40.0,300.0,1.0,Rural,Y,0,1156,Approved,1,3.4602076124567476,133.33333333333334
LN100699,Male,No,2,Not Graduate,No,6651,0,143.0,180.0,1.0,Rural,N,2,6651,Rejected,0,2.1500526236656143,794.4444444444445
LN100700,Male,Yes,2,Graduate,No,4787,1846,148.0,360.0,0.0,Semiurban,Y,2,6633,Approved,1,2.231267902909694,411.1111111111111
LN100701,Male,No,0,Graduate,No,4038,0,116.0,360.0,1.0,Rural,Y,0,4038,Approved,1,2.8727092620108965,322.22222222222223
LN100702,Male,Yes,3+,Graduate,Yes,8765,0,198.0,120.0,0.0,Semiurban,Y,3,8765,Approved,1,2.2589845978322876,1650.0
LN100703,Male,Yes,0,Graduate,No,6110,0,131.0,360.0,1.0,Urban,Y,0,6110,Approved,1,2.144026186579378,363.8888888888889
LN100704,Male,Yes,0,Not Graduate,No,9776,0,199.0,360.0,1.0,Semiurban,Y,0,9776,Approved,1,2.035597381342062,552.7777777777778
LN100705,Male,Yes,2,Not Graduate,No,2306,2730,145.0,360.0,0.0,Semiurban,Y,2,5036,Approved,1,2.8792692613185067,402.77777777777777
LN100706,Female,Yes,2,Not Graduate,No,4426,2022,128.0,180.0,1.0,Rural,Y,2,6448,Approved,1,1.9851116625310175,711.1111111111111
LN100707,Male,Yes,0,Graduate,No,2071,1043,76.0,360.0,1.0,Rural,N,0,3114,Rejected,0,2.440590879897238,211.11111111111111
LN100708,Female,Yes,0,Graduate,No,4031,0,101.0,360.0,1.0,Semiurban,Y,0,4031,Approved,1,2.5055817415033492,280.55555555555554
LN100709,Male,Yes,0,Graduate,No,3994,0,110.0,360.0,1.0,Rural,Y,0,3994,Approved,1,2.754131196795193,305.55555555555554
LN100710,Male,No,0,Not Graduate,No,6079,0,163.0,360.0,1.0,Urban,N,0,6079,Rejected,0,2.6813620661292976,452.77777777777777
LN100711,Male,Yes,2,Graduate,No,4600,727,156.0,360.0,1.0,Rural,Y,2,5327,Approved,1,2.928477567110944,433.3333333333333
LN100712,Male,Yes,0,Graduate,No,6070,2300,156.0,180.0,0.0,Semiurban,N,0,8370,Rejected,0,1.8637992831541221,866.6666666666666
LN100713,Male,No,0,Graduate,No,6307,1017,162.0,360.0,1.0,Urban,Y,0,7324,Approved,1,2.2119060622610593,450.0
LN100714,Male,Yes,0,Graduate,No,12660,0,278.0,360.0,1.0,Semiurban,N,0,12660,Rejected,0,2.1958925750394944,772.2222222222222
LN100715,Male,Yes,0,Not Graduate,No,3868,0,78.0,360.0,0.0,Semiurban,N,0,3868,Rejected,0,2.016546018614271,216.66666666666666
LN100716,Female,No,0,Graduate,No,2864,0,63.0,360.0,1.0,Urban,N,0,2864,Rejected,0,2.1997206703910615,175.0
LN100717,Female,Yes,1,Graduate,No,5064,0,113.0,360.0,1.0,Rural,Y,1,5064,Approved,1,2.2314375987361768,313.8888888888889
LN100718,Female,No,3+,Graduate,No,3062,0,77.0,360.0,1.0,Urban,Y,3,3062,Approved,1,2.5146962769431744,213.88888888888889
LN100719,Male,No,2,Graduate,No,9165,578,266.0,480.0,1.0,Rural,Y,2,9743,Approved,1,2.730165246843888,554.1666666666666
LN100720,Male,Yes,0,Graduate,No,3928,0,92.0,180.0,1.0,Semiurban,Y,0,3928,Approved,1,2.3421588594704685,511.1111111111111
LN100721,Female,Yes,2,Graduate,No,3430,0,96.0,360.0,1.0,Semiurban,Y,2,3430,Approved,1,2.7988338192419824,266.6666666666667
LN100722,Male,Yes,2,Not Graduate,No,3589,0,81.0,360.0,1.0,Semiurban,Y,2,3589,Approved,1,2.256896071329061,225.0
LN100723,Male,Yes,2,Not Graduate,No,6353,1224,167.0,360.0,1.0,Rural,Y,2,7577,Approved,1,2.204038537679821,463.8888888888889
LN100724,Male,Yes,0,Graduate,No,4172,1672,149.0,360.0,1.0,Semiurban,Y,0,5844,Approved,1,2.5496235455167695,413.8888888888889
LN100725,Male,No,0,Graduate,No,3307,939,78.0,360.0,1.0,Semiurban,Y,0,4246,Approved,1,1.8370230805463967,216.66666666666666
LN100726,Female,Yes,0,Not Graduate,Yes,10009,1301,216.0,360.0,1.0,Semiurban,N,0,11310,Rejected,0,1.909814323607427,600.0
LN100727,Male,Yes,0,Graduate,No,2984,0,71.0,360.0,1.0,Semiurban,Y,0,2984,Approved,1,2.379356568364611,197.22222222222223
LN100728,Male,No,0,Graduate,No,4577,4776,292.0,360.0,1.0,Rural,Y,0,9353,Approved,1,3.1219929434406075,811.1111111111111
LN100729,Male,No,0,Graduate,No,6155,0,173.0,360.0,0.0,Urban,N,0,6155,Rejected,0,2.8107229894394803,480.55555555555554
LN100730,Male,Yes,0,Graduate,No,2057,0,40.0,360.0,1.0,Semiurban,Y,0,2057,Approved,1,1.9445794846864366,111.11111111111111
LN100731,Male,Yes,2,Graduate,Yes,5667,1952,227.0,360.0,0.0,Urban,N,2,7619,Rejected,0,2.9793936212101326,630.5555555555555
LN100732,Female,Yes,0,Not Graduate,Yes,2712,1095,108.0,180.0,1.0,Rural,N,0,3807,Rejected,0,2.8368794326241136,600.0
LN100733,Male,Yes,0,Graduate,No,6679,0,177.0,360.0,0.0,Rural,N,0,6679,Rejected,0,2.6500973199580775,491.6666666666667
LN100734,Male,Yes,3+,Graduate,No,2835,0,84.0,180.0,1.0,Urban,Y,3,2835,Approved,1,2.9629629629629632,466.6666666666667
LN100735,Male,Yes,3+,Graduate,No,6275,0,148.0,360.0,1.0,Urban,Y,3,6275,Approved,1,2.358565737051793,411.1111111111111
LN100736,Female,No,2,Graduate,Yes,7651,0,161.0,240.0,1.0,Urban,Y,2,7651,Approved,1,2.104300091491308,670.8333333333334
LN100737,Male,Yes,3+,Graduate,No,6804,0,171.0,360.0,1.0,Semiurban,Y,3,6804,Approved,1,2.513227513227513,475.0
LN100738,Female,Yes,0,Graduate,No,5077,0,130.0,120.0,1.0,Semiurban,Y,0,5077,Approved,1,2.5605672641323616,1083.3333333333333
LN100739,Male,Yes,3+,Graduate,No,4027,0,103.0,360.0,1.0,Rural,Y,3,4027,Approved,1,2.5577352868140055,286.1111111111111
LN100740,Male,Yes,0,Graduate,No,3412,1624,130.0,360.0,1.0,Semiurban,Y,0,5036,Approved,1,2.5814138204924544,361.1111111111111
LN100741,Male,No,0,Not Graduate,No,9117,0,285.0,360.0,1.0,Urban,Y,0,9117,Approved,1,3.126028298782494,791.6666666666666
LN100742,Male,No,0,Not Graduate,Yes,3217,0,99.0,480.0,1.0,Rural,Y,0,3217,Approved,1,3.0774013055641904,206.25
LN100743,Male,No,0,Graduate,Yes,2735,0,83.0,360.0,1.0,Semiurban,N,0,2735,Rejected,0,3.03473491773309,230.55555555555554
LN100744,Male,Yes,0,Graduate,No,6193,532,197.0,360.0,1.0,Semiurban,Y,0,6725,Approved,1,2.929368029739777,547.2222222222222
LN100745,Male,Yes,1,Graduate,No,3071,0,96.0,180.0,1.0,Urban,Y,1,3071,Approved,1,3.1260175838489093,533.3333333333334
LN100746,Female,Yes,2,Graduate,Yes,2852,0,55.0,360.0,1.0,Semiurban,Y,2,2852,Approved,1,1.9284712482468442,152.77777777777777
LN100747,Male,Yes,1,Graduate,No,2250,0,49.0,360.0,1.0,Rural,Y,1,2250,Approved,1,2.1777777777777776,136.11111111111111
LN100748,Male,Yes,0,Graduate,Yes,3569,1383,123.0,360.0,1.0,Semiurban,Y,0,4952,Approved,1,2.483844911147011,341.6666666666667
LN100749,Female,No,2,Graduate,No,4325,2133,193.0,240.0,1.0,Semiurban,Y,2,6458,Approved,1,2.9885413440693713,804.1666666666666
LN100750,Male,Yes,1,Not Graduate,No,5057,3028,203.0,480.0,1.0,Semiurban,N,1,8085,Rejected,0,2.5108225108225106,422.9166666666667
LN100751,Male,Yes,0,Not Graduate,No,7104,3923,314.0,300.0,1.0,Rural,N,0,11027,Rejected,0,2.847555998911762,1046.6666666666667
LN100752,Female,Yes,1,Not Graduate,No,5795,669,129.0,360.0,1.0,Urban,Y,1,6464,Approved,1,1.995668316831683,358.3333333333333
LN100753,Male,Yes,0,Graduate,No,4106,1405,119.0,360.0,0.0,Semiurban,N,0,5511,Rejected,0,2.1593177281800036,330.55555555555554
LN100754,Male,Yes,0,Graduate,No,4092,0,116.0,300.0,1.0,Rural,N,0,4092,Rejected,0,2.834799608993157,386.6666666666667
LN100755,Male,No,2,Graduate,No,5749,0,117.0,360.0,1.0,Urban,N,2,5749,Rejected,0,2.0351365454861714,325.0
LN100756,Male,No,0,Graduate,No,8289,12683,481.0,360.0,1.0,Semiurban,Y,0,20972,Approved,1,2.2935342361243563,1336.111111111111
LN100757,Male,No,0,Graduate,Yes,4781,0,104.0,480.0,1.0,Semiurban,Y,0,4781,Approved,1,2.1752771386739176,216.66666666666666
LN100758,Male,Yes,2,Graduate,No,3593,0,82.0,360.0,1.0,Semiurban,Y,2,3593,Approved,1,2.282215418870025,227.77777777777777
LN100759,Female,Yes,1,Graduate,No,2794,3247,169.0,360.0,1.0,Semiurban,Y,1,6041,Approved,1,2.7975500744909785,469.44444444444446
LN100760,Male,Yes,0,Not Graduate,No,2249,0,52.0,180.0,0.0,Urban,N,0,2249,Rejected,0,2.312138728323699,288.8888888888889
LN100761,Male,Yes,0,Graduate,No,6196,2682,229.0,360.0,0.0,Semiurban,N,0,8878,Rejected,0,2.5794097769767967,636.1111111111111
LN100762,Male,No,0,Graduate,No,5939,1387,142.0,360.0,1.0,Urban,Y,0,7326,Approved,1,1.9383019383019382,394.44444444444446
LN100763,Male,Yes,1,Graduate,No,5937,0,174.0,360.0,1.0,Semiurban,Y,1,5937,Approved,1,2.9307731177362304,483.3333333333333
LN100764,Male,Yes,0,Graduate,No,4231,3848,187.0,300.0,1.0,Urban,Y,0,8079,Approved,1,2.314642901349177,623.3333333333334
LN100765,Male,Yes,0,Graduate,No,8841,0,239.0,360.0,1.0,Urban,N,0,8841,Rejected,0,2.703314104739283,663.8888888888889
LN100766,Male,Yes,3+,Graduate,No,3567,0,100.0,300.0,0.0,Rural,N,3,3567,Rejected,0,2.803476310625175,333.3333333333333
LN100767,Male,No,0,Graduate,No,7118,0,149.0,360.0,1.0,Semiurban,Y,0,7118,Approved,1,2.0932846305141894,413.8888888888889
LN100768,Female,Yes,0,Graduate,No,4417,5390,298.0,300.0,1.0,Rural,Y,0,9807,Approved,1,3.038645865198328,993.3333333333334
LN100769,Male,Yes,0,Graduate,No,3360,2394,153.0,360.0,1.0,Urban,Y,0,5754,Approved,1,2.659019812304484,425.0
LN100770,Female,Yes,1,Graduate,No,5980,0,144.0,120.0,1.0,Semiurban,Y,1,5980,Approved,1,2.4080267558528425,1200.0
LN100771,Male,Yes,0,Graduate,Yes,5478,5551,227.0,300.0,0.0,Urban,N,0,11029,Rejected,0,2.058210173179799,756.6666666666666
LN100772,Female,No,0,Not Graduate,No,5341,0,167.0,300.0,1.0,Rural,Y,0,5341,Approved,1,3.1267552892716717,556.6666666666666
LN100773,Male,No,2,Graduate,No,4679,3325,137.0,360.0,1.0,Rural,Y,2,8004,Approved,1,1.7116441779110445,380.55555555555554
LN100774,Male,No,0,Graduate,No,4419,0,92.0,300.0,1.0,Urban,Y,0,4419,Approved,1,2.081918986195972,306.6666666666667
LN100775,Male,No,0,Graduate,No,14161,4997,435.0,360.0,0.0,Rural,N,0,19158,Rejected,0,2.2705919198246165,1208.3333333333333
LN100776,Male,Yes,0,Not Graduate,No,7945,0,137.0,360.0,1.0,Urban,N,0,7945,Rejected,0,1.724354940213971,380.55555555555554
LN100777,Male,No,0,Not Graduate,Yes,6366,0,177.0,360.0,1.0,Semiurban,Y,0,6366,Approved,1,2.7803958529688972,491.6666666666667
LN100778,Male,Yes,0,Graduate,No,4748,0,136.0,360.0,1.0,Rural,Y,0,4748,Approved,1,2.864363942712721,377.77777777777777
LN100779,Male,Yes,0,Graduate,No,7297,1129,204.0,180.0,1.0,Rural,N,0,8426,Rejected,0,2.4210776169000714,1133.3333333333333
LN100780,Male,No,0,Not Graduate,No,5770,0,162.0,360.0,1.0,Rural,N,0,5770,Rejected,0,2.8076256499133447,450.0
LN100781,Male,Yes,0,Graduate,Yes,4557,6852,267.0,240.0,1.0,Semiurban,Y,0,11409,Approved,1,2.340257691296345,1112.5
LN100782,Male,No,2,Graduate,No,3890,0,82.0,360.0,1.0,Urban,N,2,3890,Rejected,0,2.107969151670951,227.77777777777777
LN100783,Male,Yes,3+,Graduate,No,4329,0,116.0,300.0,1.0,Urban,N,3,4329,Rejected,0,2.6796026796026795,386.6666666666667
LN100784,Male,Yes,2,Not Graduate,No,1000,0,137.0,360.0,1.0,Semiurban,Y,2,1000,Approved,1,13.700000000000001,380.55555555555554
LN100785,Male,No,2,Not Graduate,No,4979,2748,173.0,360.0,0.0,Rural,N,2,7727,Rejected,0,2.238902549501747,480.55555555555554
LN100786,Female,No,0,Graduate,No,3559,0,87.0,360.0,1.0,Urban,Y,0,3559,Approved,1,2.4445068839561674,241.66666666666666
LN100787,Male,Yes,3+,Graduate,No,9665,7511,471.0,240.0,1.0,Semiurban,N,3,17176,Rejected,0,2.7421984163949698,1962.5
LN100788,Male,Yes,0,Graduate,No,4542,2746,186.0,360.0,1.0,Semiurban,Y,0,7288,Approved,1,2.552140504939627,516.6666666666666
LN100789,Male,Yes,3+,Graduate,No,2543,431,89.0,240.0,1.0,Semiurban,Y,3,2974,Approved,1,2.992602555480834,370.8333333333333
LN100790,Female,Yes,3+,Not Graduate,No,4394,0,126.0,360.0,0.0,Semiurban,N,3,4394,Rejected,0,2.867546654528903,350.0
LN100791,Male,Yes,1,Graduate,Yes,2724,1994,89.0,360.0,1.0,Semiurban,Y,1,4718,Approved,1,1.8863925392115302,247.22222222222223
LN100792,Male,No,3+,Graduate,No,5648,2381,257.0,360.0,0.0,Rural,N,3,8029,Rejected,0,3.2008967492838463,713.8888888888889
LN100793,Male,Yes,0,Graduate,Yes,5174,0,148.0,360.0,0.0,Urban,N,0,5174,Rejected,0,2.8604561267877853,411.1111111111111
LN100794,Male,No,0,Graduate,No,7127,4224,342.0,360.0,1.0,Rural,Y,0,11351,Approved,1,3.0129504008457406,950.0
LN100795,Male,Yes,0,Graduate,No,3079,0,83.0,360.0,1.0,Urban,Y,0,3079,Approved,1,2.6956804157193894,230.55555555555554
LN100796,Female,Yes,1,Graduate,No,4574,0,137.0,360.0,0.0,Urban,N,1,4574,Rejected,0,2.9951902055094006,380.55555555555554
LN100797,Female,No,0,Graduate,No,2337,0,46.0,360.0,1.0,Semiurban,N,0,2337,Rejected,0,1.9683354728284124,127.77777777777777
LN100798,Male,Yes,1,Graduate,No,6302,0,144.0,360.0,1.0,Rural,Y,1,6302,Approved,1,2.2849888924151065,400.0
LN100799,Male,Yes,3+,Graduate,Yes,5773,0,175.0,180.0,1.0,Urban,N,3,5773,Rejected,0,3.0313528494716784,972.2222222222222
LN100800,Male,Yes,0,Graduate,No,5709,0,119.0,360.0,1.0,Semiurban,Y,0,5709,Approved,1,2.0844280959887893,330.55555555555554
LN100801,Male,No,2,Graduate,Yes,4503,3642,156.0,360.0,1.0,Semiurban,Y,2,8145,Approved,1,1.9152854511970532,433.3333333333333
LN100802,Male,No,2,Not Graduate,Yes,5491,0,159.0,180.0,1.0,Urban,N,2,5491,Rejected,0,2.8956474230559097,883.3333333333334
LN100803,Male,Yes,3+,Not Graduate,No,9720,0,289.0,360.0,1.0,Rural,Y,3,9720,Approved,1,2.973251028806584,802.7777777777778
LN100804,Male,Yes,3+,Not Graduate,No,3924,0,80.0,360.0,0.0,Rural,N,3,3924,Rejected,0,2.038735983690112,222.22222222222223
LN100805,Male,Yes,0,Graduate,No,4810,1601,192.0,180.0,1.0,Urban,N,0,6411,Rejected,0,2.9948525970987365,1066.6666666666667
LN100806,Male,Yes,3+,Not Graduate,No,2672,4261,191.0,360.0,1.0,Semiurban,Y,3,6933,Approved,1,2.7549401413529497,530.5555555555555
LN100807,Female,No,2,Graduate,Yes,2966,1347,109.0,360.0,1.0,Rural,Y,2,4313,Approved,1,2.5272432181776026,302.77777777777777
LN100808,Female,Yes,0,Graduate,No,4716,3930,256.0,360.0,1.0,Semiurban,Y,0,8646,Approved,1,2.960906777700671,711.1111111111111
LN100809,Male,Yes,0,Graduate,No,7644,0,182.0,360.0,1.0,Semiurban,Y,0,7644,Approved,1,2.380952380952381,505.55555555555554
LN100810,Male,Yes,1,Graduate,No,3979,1286,109.0,360.0,1.0,Urban,Y,1,5265,Approved,1,2.0702754036087367,302.77777777777777
LN100811,Female,No,0,Graduate,No,4018,0,88.0,120.0,1.0,Semiurban,Y,0,4018,Approved,1,2.1901443504230964,733.3333333333334
LN100812,Female,No,1,Graduate,No,3702,0,93.0,360.0,1.0,Urban,Y,1,3702,Approved,1,2.512155591572123,258.3333333333333
LN100813,Male,Yes,1,Graduate,Yes,3481,801,109.0,360.0,1.0,Rural,Y,1,4282,Approved,1,2.5455394675385334,302.77777777777777
LN100814,Female,Yes,0,Graduate,No,5184,0,152.0,360.0,0.0,Semiurban,N,0,5184,Rejected,0,2.9320987654320985,422.22222222222223
LN100815,Female,Yes,0,Graduate,No,2193,2638,140.0,360.0,1.0,Urban,N,0,4831,Rejected,0,2.8979507348375075,388.8888888888889
LN100816,Male,No,2,Graduate,No,8322,1966,269.0,360.0,0.0,Rural,N,2,10288,Rejected,0,2.614696734059098,747.2222222222222
LN100817,Male,Yes,0,Graduate,No,3270,0,95.0,360.0,0.0,Urban,N,0,3270,Rejected,0,2.90519877675841,263.8888888888889
LN100818,Male,No,0,Not Graduate,No,6364,0,132.0,360.0,1.0,Semiurban,Y,0,6364,Approved,1,2.07416719044626,366.6666666666667
LN100819,Male,Yes,0,Not Graduate,No,2446,0,46.0,360.0,1.0,Semiurban,Y,0,2446,Approved,1,1.8806214227309894,127.77777777777777
LN100820,Male,Yes,0,Graduate,No,6204,3649,298.0,360.0,1.0,Urban,Y,0,9853,Approved,1,3.0244595554653406,827.7777777777778
LN100821,Female,Yes,3+,Graduate,No,6213,2474,166.0,480.0,0.0,Rural,N,3,8687,Rejected,0,1.910901346840106,345.8333333333333
LN100822,Male,Yes,0,Graduate,No,5411,0,116.0,360.0,1.0,Rural,Y,0,5411,Approved,1,2.1437811864720016,322.22222222222223
LN100823,Male,Yes,0,Not Graduate,No,2792,0,77.0,240.0,1.0,Urban,N,0,2792,Rejected,0,2.7578796561604584,320.8333333333333
LN100824,Male,No,0,Graduate,No,5073,1538,157.0,360.0,1.0,Semiurban,N,0,6611,Rejected,0,2.3748298290727576,436.1111111111111
LN100825,Male,Yes,0,Graduate,No,2550,2083,140.0,360.0,1.0,Semiurban,Y,0,4633,Approved,1,3.0218001295057197,388.8888888888889
LN100826,Female,Yes,2,Graduate,No,3986,0,88.0,360.0,1.0,Rural,N,2,3986,Rejected,0,2.207727044656297,244.44444444444446
LN100827,Male,Yes,1,Graduate,No,7376,0,134.0,360.0,1.0,Urban,Y,1,7376,Approved,1,1.816702819956616,372.22222222222223
LN100828,Male,No,0,Graduate,No,6596,5151,261.0,360.0,1.0,Semiurban,Y,0,11747,Approved,1,2.221843875031923,725.0
LN100829,Male,No,0,Not Graduate,No,4533,0,118.0,300.0,1.0,Semiurban,N,0,4533,Rejected,0,2.603132583278182,393.3333333333333
LN100830,Male,Yes,0,Graduate,No,2818,0,66.0,360.0,1.0,Semiurban,Y,0,2818,Approved,1,2.34208658623137,183.33333333333334
LN100831,Male,No,0,Graduate,No,6135,2053,209.0,360.0,1.0,Semiurban,Y,0,8188,Approved,1,2.5525158768930143,580.5555555555555
LN100832,Male,Yes,0,Not Graduate,No,4542,5997,319.0,300.0,1.0,Urban,Y,0,10539,Approved,1,3.026852642565708,1063.3333333333333
LN100833,Male,Yes,0,Not Graduate,No,1477,0,45.0,240.0,1.0,Rural,Y,0,1477,Approved,1,3.046716316858497,187.5
LN100834,Male,No,0,Graduate,No,6552,0,142.0,480.0,1.0,Semiurban,Y,0,6552,Approved,1,2.167277167277167,295.8333333333333
LN100835,Male,No,0,Graduate,No,4448,0,109.0,360.0,0.0,Rural,N,0,4448,Rejected,0,2.4505395683453237,302.77777777777777
LN100836,Male,No,2,Graduate,Yes,8015,0,206.0,360.0,1.0,Urban,Y,2,8015,Approved,1,2.5701809107922644,572.2222222222222
LN100837,Female,Yes,3+,Not Graduate,No,2660,6522,287.0,360.0,1.0,Semiurban,Y,3,9182,Approved,1,3.1256806795905034,797.2222222222222
LN100838,Male,Yes,0,Graduate,No,1000,0,40.0,360.0,1.0,Rural,Y,0,1000,Approved,1,4.0,111.11111111111111
LN100839,Male,No,2,Not Graduate,Yes,5145,2881,171.0,360.0,1.0,Semiurban,Y,2,8026,Approved,1,2.1305756292050835,475.0
LN100840,Male,Yes,0,Graduate,No,5176,5778,309.0,360.0,1.0,Rural,N,0,10954,Rejected,0,2.8208873470878215,858.3333333333334
LN100841,Male,Yes,0,Graduate,No,1999,0,47.0,180.0,1.0,Rural,Y,0,1999,Approved,1,2.351175587793897,261.1111111111111
LN100842,Male,Yes,2,Graduate,No,2813,0,51.0,360.0,1.0,Semiurban,Y,2,2813,Approved,1,1.8130110202630643,141.66666666666666
LN100843,Male,Yes,2,Graduate,No,16888,0,306.0,360.0,1.0,Semiurban,Y,2,16888,Approved,1,1.8119374703931785,850.0
LN100844,Female,Yes,3+,Graduate,Yes,3886,1842,140.0,360.0,1.0,Urban,Y,3,5728,Approved,1,2.4441340782122905,388.8888888888889
LN100845,Male,No,1,Graduate,No,6391,2772,228.0,360.0,1.0,Semiurban,Y,1,9163,Approved,1,2.4882680344865222,633.3333333333334
LN100846,Male,Yes,0,Graduate,No,3293,0,60.0,360.0,1.0,Urban,Y,0,3293,Approved,1,1.8220467658669908,166.66666666666666
LN100847,Male,Yes,2,Not Graduate,No,1650,1683,92.0,240.0,1.0,Rural,N,2,3333,Rejected,0,2.7602760276027603,383.3333333333333
LN100848,Female,Yes,0,Graduate,No,4147,1298,120.0,360.0,1.0,Semiurban,Y,0,5445,Approved,1,2.203856749311295,333.3333333333333
LN100849,Male,No,0,Graduate,No,3961,2948,179.0,360.0,0.0,Semiurban,N,0,6909,Rejected,0,2.5908235634679406,497.22222222222223
LN100850,Male,Yes,0,Graduate,Yes,3714,0,82.0,300.0,1.0,Urban,Y,0,3714,Approved,1,2.2078621432417878,273.3333333333333
LN100851,Male,Yes,1,Graduate,No,4259,0,87.0,480.0,0.0,Rural,Y,1,4259,Approved,1,2.0427330359239257,181.25
LN100852,Male,No,0,Graduate,No,5109,2932,191.0,240.0,1.0,Urban,Y,0,8041,Approved,1,2.375326451933839,795.8333333333334
LN100853,Male,No,0,Graduate,No,4187,0,89.0,300.0,1.0,Urban,Y,0,4187,Approved,1,2.125626940530213,296.6666666666667
LN100854,Female,No,2,Not Graduate,No,2453,0,63.0,360.0,1.0,Urban,N,2,2453,Rejected,0,2.5682837342030167,175.0
LN100855,Male,No,0,Graduate,No,5683,0,118.0,360.0,1.0,Rural,Y,0,5683,Approved,1,2.07636811543199,327.77777777777777
LN100856,Male,Yes,0,Graduate,No,1765,0,44.0,240.0,1.0,Rural,N,0,1765,Rejected,0,2.492917847025496,183.33333333333334
LN100857,Male,No,0,Graduate,No,1682,0,40.0,360.0,1.0,Semiurban,Y,0,1682,Approved,1,2.3781212841854935,111.11111111111111
LN100858,Male,Yes,0,Graduate,No,6417,2111,234.0,360.0,1.0,Rural,Y,0,8528,Approved,1,2.7439024390243905,650.0
LN100859,Male,No,0,Graduate,No,5740,0,164.0,300.0,1.0,Urban,Y,0,5740,Approved,1,2.857142857142857,546.6666666666666
LN100860,Male,No,0,Not Graduate,No,4378,0,86.0,360.0,1.0,Rural,Y,0,4378,Approved,1,1.9643672910004568,238.88888888888889
LN100861,Male,No,2,Not Graduate,No,2303,2173,110.0,360.0,1.0,Urban,N,2,4476,Rejected,0,2.4575513851653263,305.55555555555554
LN100862,Male,No,0,Graduate,No,3204,0,61.0,360.0,1.0,Urban,Y,0,3204,Approved,1,1.9038701622971288,169.44444444444446
LN100863,Male,Yes,3+,Graduate,Yes,3967,0,105.0,360.0,0.0,Urban,Y,3,3967,Approved,1,2.6468364003024956,291.6666666666667
LN100864,Male,Yes,1,Graduate,No,2092,1668,82.0,180.0,1.0,Semiurban,N,1,3760,Rejected,0,2.1808510638297873,455.55555555555554
LN100865,Male,No,0,Graduate,No,3156,756,99.0,360.0,1.0,Rural,N,0,3912,Rejected,0,2.5306748466257667,275.0
LN100866,Male,No,1,Graduate,No,6155,5927,305.0,360.0,1.0,Semiurban,N,1,12082,Rejected,0,2.524416487336534,847.2222222222222
LN100867,Male,Yes,0,Graduate,No,8928,1801,332.0,240.0,1.0,Rural,N,0,10729,Rejected,0,3.0944170006524376,1383.3333333333333
LN100868,Male,Yes,2,Graduate,No,3679,0,95.0,360.0,1.0,Semiurban,Y,2,3679,Approved,1,2.582223430279967,263.8888888888889
LN100869,Female,Yes,0,Graduate,No,6470,794,190.0,360.0,0.0,Urban,N,0,7264,Rejected,0,2.6156387665198237,527.7777777777778
LN100870,Female,No,0,Graduate,No,1796,0,42.0,360.0,1.0,Semiurban,Y,0,1796,Approved,1,2.338530066815145,116.66666666666667
LN100871,Male,No,2,Graduate,No,6176,1081,227.0,360.0,0.0,Semiurban,N,2,7257,Rejected,0,3.128014330990767,630.5555555555555
LN100872,Male,Yes,3+,Graduate,Yes,3059,0,88.0,360.0,1.0,Rural,N,3,3059,Rejected,0,2.876757110166721,244.44444444444446
LN100873,Male,Yes,2,Graduate,No,5215,4524,214.0,360.0,1.0,Semiurban,Y,2,9739,Approved,1,2.197350857377554,594.4444444444445
LN100874,Male,No,0,Not Graduate,No,3995,3288,217.0,360.0,1.0,Semiurban,N,0,7283,Rejected,0,2.979541397775642,602.7777777777778
LN100875,Male,No,2,Graduate,No,8481,2405,262.0,180.0,1.0,Urban,Y,2,10886,Approved,1,2.406760977402168,1455.5555555555557
LN100876,Male,Yes,0,Graduate,No,2958,0,88.0,360.0,1.0,Semiurban,Y,0,2958,Approved,1,2.974983096686951,244.44444444444446
LN100877,Male,Yes,0,Graduate,No,6082,0,180.0,240.0,1.0,Rural,Y,0,6082,Approved,1,2.95955277869122,750.0
LN100878,Male,Yes,0,Not Graduate,No,3935,2825,140.0,180.0,1.0,Urban,N,0,6760,Rejected,0,2.0710059171597637,777.7777777777778
LN100879,Male,Yes,1,Graduate,No,4171,1499,158.0,360.0,0.0,Rural,Y,1,5670,Approved,1,2.7865961199294533,438.8888888888889
LN100880,Male,Yes,0,Graduate,No,4120,0,91.0,360.0,1.0,Semiurban,Y,0,4120,Approved,1,2.20873786407767,252.77777777777777
LN100881,Male,No,0,Graduate,No,2999,3894,153.0,360.0,1.0,Urban,Y,0,6893,Approved,1,2.2196431162048453,425.0
LN100882,Male,No,2,Graduate,No,4470,4674,203.0,360.0,1.0,Rural,N,2,9144,Rejected,0,2.220034995625547,563.8888888888889
LN100883,Male,Yes,0,Not Graduate,No,4367,0,123.0,360.0,1.0,Semiurban,Y,0,4367,Approved,1,2.8165788871078545,341.6666666666667
LN100884,Male,No,0,Graduate,No,5052,10424,328.0,360.0,0.0,Semiurban,N,0,15476,Rejected,0,2.11941070043939,911.1111111111111
LN100885,Male,Yes,0,Not Graduate,Yes,4686,0,84.0,360.0,0.0,Urban,N,0,4686,Rejected,0,1.792573623559539,233.33333333333334
LN100886,Male,Yes,3+,Not Graduate,No,6600,0,185.0,360.0,1.0,Urban,Y,3,6600,Approved,1,2.803030303030303,513.8888888888889
LN100887,Male,Yes,0,Not Graduate,No,7010,0,143.0,360.0,1.0,Rural,Y,0,7010,Approved,1,2.0399429386590584,397.22222222222223
LN100888,Male,Yes,0,Graduate,No,2718,11633,279.0,360.0,1.0,Semiurban,N,0,14351,Rejected,0,1.944115392655564,775.0
LN100889,Male,No,2,Graduate,Yes,6828,981,167.0,360.0,1.0,Rural,N,2,7809,Rejected,0,2.1385580740171597,463.8888888888889
LN100890,Male,No,2,Graduate,No,2546,0,59.0,480.0,1.0,Urban,N,2,2546,Rejected,0,2.3173605655930873,122.91666666666667
LN100891,Male,Yes,0,Graduate,No,5967,533,160.0,300.0,1.0,Urban,Y,0,6500,Approved,1,2.4615384615384617,533.3333333333334
LN100892,Female,Yes,1,Graduate,Yes,6059,2834,166.0,360.0,0.0,Urban,N,1,8893,Rejected,0,1.8666366805352523,461.1111111111111
LN100893,Female,No,2,Graduate,No,1798,3170,157.0,360.0,0.0,Semiurban,N,2,4968,Rejected,0,3.1602254428341388,436.1111111111111
LN100894,Male,Yes,1,Graduate,No,4705,0,132.0,360.0,1.0,Rural,Y,1,4705,Approved,1,2.805526036131775,366.6666666666667
LN100895,Male,Yes,0,Graduate,No,3594,1634,118.0,360.0,1.0,Semiurban,N,0,5228,Rejected,0,2.2570772762050497,327.77777777777777
LN100896,Male,No,2,Not Graduate,Yes,3126,0,70.0,480.0,0.0,Urban,Y,2,3126,Approved,1,2.239283429302623,145.83333333333334
LN100897,Male,Yes,0,Graduate,No,8606,0,209.0,360.0,1.0,Rural,N,0,8606,Rejected,0,2.428538229142459,580.5555555555555
LN100898,Female,Yes,0,Not Graduate,No,3288,0,88.0,360.0,1.0,Rural,Y,0,3288,Approved,1,2.67639902676399,244.44444444444446
LN100899,Male,Yes,0,Graduate,Yes,3056,0,61.0,360.0,1.0,Urban,N,0,3056,Rejected,0,1.9960732984293195,169.44444444444446
LN100900,Male,No,0,Not Graduate,No,4667,3328,165.0,360.0,1.0,Rural,Y,0,7995,Approved,1,2.0637898686679175,458.3333333333333
LN100901,Male,Yes,0,Graduate,No,6254,0,188.0,360.0,0.0,Urban,N,0,6254,Rejected,0,3.0060761112887753,522.2222222222222
LN100902,Male,Yes,2,Graduate,No,4204,3365,163.0,360.0,1.0,Urban,N,2,7569,Rejected,0,2.1535209406790856,452.77777777777777
LN100903,Male,No,0,Not Graduate,Yes,7877,0,184.0,300.0,1.0,Urban,Y,0,7877,Approved,1,2.335914688333122,613.3333333333334
LN100904,Male,Yes,0,Graduate,No,5806,0,175.0,360.0,1.0,Semiurban,Y,0,5806,Approved,1,3.0141233207027214,486.1111111111111
LN100905,Male,Yes,0,Not Graduate,No,1582,1525,85.0,120.0,0.0,Semiurban,N,0,3107,Rejected,0,2.7357579658834887,708.3333333333334
LN100906,Female,Yes,0,Graduate,No,3490,1936,137.0,360.0,0.0,Urban,Y,0,5426,Approved,1,2.524880206413564,380.55555555555554
LN100907,Female,No,3+,Graduate,No,3436,0,95.0,360.0,1.0,Urban,N,3,3436,Rejected,0,2.764842840512223,263.8888888888889
LN100908,Male,Yes,0,Graduate,No,5664,0,104.0,360.0,1.0,Rural,Y,0,5664,Approved,1,1.8361581920903955,288.8888888888889
LN100909,Male,Yes,0,Graduate,No,1277,0,40.0,480.0,1.0,Rural,Y,0,1277,Approved,1,3.1323414252153485,83.33333333333333
LN100910,Male,Yes,0,Graduate,No,15296,0,380.0,360.0,1.0,Rural,N,0,15296,Rejected,0,2.484309623430962,1055.5555555555557
LN100911,Male,Yes,0,Graduate,No,5806,1224,207.0,240.0,1.0,Urban,Y,0,7030,Approved,1,2.9445234708392602,862.5
LN100912,Male,No,0,Graduate,No,4833,8038,404.0,360.0,1.0,Urban,N,0,12871,Rejected,0,3.138839251029446,1122.2222222222222
LN100913,Male,No,1,Graduate,No,7935,0,246.0,360.0,1.0,Urban,Y,1,7935,Approved,1,3.100189035916824,683.3333333333334
LN100914,Male,Yes,3+,Not Graduate,No,13860,1618,476.0,360.0,1.0,Urban,N,3,15478,Rejected,0,3.075332730326916,1322.2222222222222
LN100915,Male,Yes,0,Not Graduate,No,6835,1324,205.0,360.0,1.0,Semiurban,Y,0,8159,Approved,1,2.512562814070352,569.4444444444445
LN100916,Male,No,1,Graduate,No,7096,0,164.0,360.0,0.0,Semiurban,N,1,7096,Rejected,0,2.3111612175873733,455.55555555555554
LN100917,Male,No,2,Graduate,No,4791,0,117.0,360.0,1.0,Semiurban,Y,2,4791,Approved,1,2.4420788979336256,325.0
LN100918,Female,Yes,2,Graduate,No,4204,1360,154.0,360.0,1.0,Semiurban,Y,2,5564,Approved,1,2.7677929547088427,427.77777777777777
LN100919,Male,Yes,0,Graduate,No,3581,5131,265.0,360.0,0.0,Urban,Y,0,8712,Approved,1,3.0417814508723597,736.1111111111111
LN100920,Male,Yes,0,Not Graduate,No,3027,0,63.0,240.0,1.0,Semiurban,Y,0,3027,Approved,1,2.0812685827552033,262.5
LN100921,Female,No,0,Not Graduate,No,3236,0,100.0,360.0,1.0,Semiurban,Y,0,3236,Approved,1,3.0902348578491967,277.77777777777777
LN100922,Male,Yes,1,Graduate,No,2353,0,69.0,360.0,1.0,Semiurban,Y,1,2353,Approved,1,2.932426689332767,191.66666666666666
LN100923,Female,Yes,2,Not Graduate,No,4339,1536,186.0,360.0,1.0,Urban,Y,2,5875,Approved,1,3.1659574468085108,516.6666666666666
LN100924,Male,Yes,0,Graduate,No,2005,0,61.0,180.0,1.0,Semiurban,Y,0,2005,Approved,1,3.0423940149625937,338.8888888888889
LN100925,Male,No,0,Not Graduate,Yes,4932,0,108.0,360.0,1.0,Urban,Y,0,4932,Approved,1,2.18978102189781,300.0
LN100926,Male,Yes,2,Graduate,No,4422,8143,245.0,360.0,0.0,Urban,N,2,12565,Rejected,0,1.9498607242339834,680.5555555555555
LN100927,Male,Yes,2,Graduate,No,4829,1096,116.0,300.0,1.0,Rural,Y,2,5925,Approved,1,1.9578059071729956,386.6666666666667
LN100928,Male,Yes,3+,Graduate,No,3502,6786,227.0,360.0,1.0,Rural,Y,3,10288,Approved,1,2.2064541213063764,630.5555555555555
LN100929,Male,Yes,2,Graduate,No,19707,0,524.0,360.0,1.0,Urban,N,2,19707,Rejected,0,2.658953671284315,1455.5555555555557
LN100930,Male,Yes,0,Graduate,No,8645,0,253.0,300.0,1.0,Urban,Y,0,8645,Approved,1,2.926547137073453,843.3333333333334
LN100931,Male,Yes,1,Not Graduate,No,2476,0,76.0,180.0,1.0,Semiurban,N,1,2476,Rejected,0,3.0694668820678515,422.22222222222223
LN100932,Female,Yes,1,Graduate,No,5032,0,135.0,360.0,1.0,Urban,N,1,5032,Rejected,0,2.682829888712242,375.0
LN100933,Female,Yes,0,Graduate,No,3361,4384,140.0,120.0,1.0,Semiurban,Y,0,7745,Approved,1,1.8076178179470628,1166.6666666666667
LN100934,Male,Yes,0,Graduate,No,2765,0,57.0,360.0,1.0,Urban,Y,0,2765,Approved,1,2.061482820976492,158.33333333333334
LN100935,Male,No,1,Graduate,No,2365,0,46.0,360.0,1.0,Urban,Y,1,2365,Approved,1,1.945031712473573,127.77777777777777
LN100936,Male,No,0,Graduate,No,5537,0,128.0,360.0,1.0,Rural,Y,0,5537,Approved,1,2.3117211486364457,355.55555555555554
LN100937,Male,Yes,2,Graduate,No,3245,0,81.0,300.0,0.0,Rural,N,2,3245,Rejected,0,2.4961479198767336,270.0
LN100938,Female,No,1,Graduate,No,7161,2174,174.0,120.0,1.0,Urban,Y,1,9335,Approved,1,1.8639528655597215,1450.0
LN100939,Male,Yes,3+,Graduate,No,7251,0,137.0,300.0,1.0,Semiurban,Y,3,7251,Approved,1,1.8893945662667218,456.6666666666667
LN100940,Male,Yes,0,Graduate,No,8702,0,178.0,240.0,1.0,Urban,Y,0,8702,Approved,1,2.0455067800505633,741.6666666666666
LN100941,Male,Yes,0,Graduate,No,2989,0,81.0,360.0,1.0,Urban,Y,0,2989,Approved,1,2.7099364335898293,225.0
LN100942,Male,Yes,1,Not Graduate,No,5653,0,138.0,240.0,1.0,Rural,Y,1,5653,Approved,1,2.441181673447727,575.0
LN100943,Male,No,0,Graduate,No,6096,0,152.0,360.0,1.0,Semiurban,N,0,6096,Rejected,0,2.493438320209974,422.22222222222223
LN100944,Female,No,1,Graduate,No,3584,2710,151.0,360.0,1.0,Semiurban,Y,1,6294,Approved,1,2.3991102637432475,419.44444444444446
LN100945,Male,No,2,Graduate,No,3107,4594,242.0,360.0,1.0,Rural,Y,2,7701,Approved,1,3.14244903259317,672.2222222222222
LN100946,Male,Yes,0,Graduate,No,9744,4143,292.0,180.0,0.0,Rural,N,0,13887,Rejected,0,2.1026859652912795,1622.2222222222222
LN100947,Male,Yes,0,Graduate,No,5019,2550,191.0,180.0,1.0,Rural,Y,0,7569,Approved,1,2.5234509182190514,1061.111111111111
LN100948,Female,Yes,0,Graduate,No,6106,1395,212.0,120.0,0.0,Urban,N,0,7501,Rejected,0,2.8262898280229303,1766.6666666666667
LN100949,Female,Yes,0,Graduate,No,3033,1635,120.0,360.0,1.0,Urban,Y,0,4668,Approved,1,2.570694087403599,333.3333333333333
LN100950,Male,Yes,3+,Graduate,No,2506,0,78.0,360.0,1.0,Semiurban,Y,3,2506,Approved,1,3.1125299281723864,216.66666666666666
LN100951,Male,Yes,2,Graduate,No,3424,0,80.0,360.0,1.0,Semiurban,Y,2,3424,Approved,1,2.336448598130841,222.22222222222223
LN100952,Male,Yes,1,Not Graduate,Yes,4240,0,104.0,360.0,0.0,Rural,N,1,4240,Rejected,0,2.4528301886792456,288.8888888888889
LN100953,Male,Yes,1,Not Graduate,No,2700,3979,128.0,360.0,0.0,Semiurban,N,1,6679,Rejected,0,1.9164545590657285,355.55555555555554
LN100954,Female,No,0,Graduate,No,4479,2418,183.0,360.0,1.0,Rural,N,0,6897,Rejected,0,2.653327533710309,508.3333333333333
LN100955,Male,No,3+,Graduate,No,2001,2526,100.0,360.0,1.0,Urban,Y,3,4527,Approved,1,2.208968411751712,277.77777777777777
LN100956,Male,No,1,Not Graduate,No,2629,0,137.0,360.0,1.0,Rural,Y,1,2629,Approved,1,5.211106884747052,380.55555555555554
LN100957,Male,Yes,1,Not Graduate,No,6210,1788,205.0,240.0,1.0,Semiurban,Y,1,7998,Approved,1,2.5631407851962993,854.1666666666666
LN100958,Male,Yes,2,Graduate,No,6013,0,153.0,360.0,1.0,Rural,N,2,6013,Rejected,0,2.5444869449526024,425.0
LN100959,Male,Yes,0,Graduate,No,3728,0,71.0,360.0,0.0,Urban,N,0,3728,Rejected,0,1.9045064377682404,197.22222222222223
LN100960,Male,No,2,Graduate,No,2761,0,77.0,360.0,1.0,Semiurban,Y,2,2761,Approved,1,2.788844621513944,213.88888888888889
LN100961,Male,Yes,0,Graduate,No,2748,0,73.0,360.0,1.0,Rural,Y,0,2748,Approved,1,2.6564774381368266,202.77777777777777
LN100962,Male,Yes,0,Graduate,No,3762,0,78.0,360.0,1.0,Semiurban,Y,0,3762,Approved,1,2.073365231259968,216.66666666666666
LN100963,Male,No,0,Graduate,No,6132,0,151.0,360.0,1.0,Semiurban,Y,0,6132,Approved,1,2.46249184605349,419.44444444444446
LN100964,Male,Yes,3+,Graduate,No,7026,0,197.0,360.0,1.0,Rural,N,3,7026,Rejected,0,2.8038713350412756,547.2222222222222
LN100965,Male,Yes,2,Graduate,No,3546,3507,179.0,360.0,1.0,Semiurban,Y,2,7053,Approved,1,2.5379271232099816,497.22222222222223
LN100966,Male,Yes,1,Not Graduate,No,2587,1239,90.0,360.0,0.0,Semiurban,Y,1,3826,Approved,1,2.3523261892315737,250.0
LN100967,Male,Yes,1,Graduate,No,5117,4780,223.0,360.0,1.0,Urban,Y,1,9897,Approved,1,2.2532080428412646,619.4444444444445
LN100968,Male,Yes,0,Graduate,No,3031,0,80.0,360.0,1.0,Rural,Y,0,3031,Approved,1,2.6393929396238867,222.22222222222223
LN100969,Male,Yes,3+,Graduate,No,3509,1199,147.0,360.0,1.0,Semiurban,Y,3,4708,Approved,1,3.1223449447748512,408.3333333333333
LN100970,Male,Yes,0,Graduate,No,8501,1463,273.0,360.0,1.0,Semiurban,N,0,9964,Rejected,0,2.739863508631072,758.3333333333334
LN100971,Male,Yes,0,Not Graduate,No,6693,0,127.0,360.0,1.0,Urban,Y,0,6693,Approved,1,1.8975048558195131,352.77777777777777
LN100972,Female,No,0,Graduate,No,4854,0,119.0,360.0,1.0,Semiurban,N,0,4854,Rejected,0,2.4515863205603625,330.55555555555554
LN100973,Male,Yes,2,Graduate,No,2444,0,74.0,360.0,1.0,Urban,N,2,2444,Rejected,0,3.027823240589198,205.55555555555554
LN100974,Male,Yes,1,Graduate,No,4981,0,96.0,180.0,0.0,Urban,Y,1,4981,Approved,1,1.9273238305561133,533.3333333333334
LN100975,Male,Yes,0,Graduate,No,7494,2126,306.0,360.0,1.0,Semiurban,Y,0,9620,Approved,1,3.180873180873181,850.0
LN100976,Male,No,0,Not Graduate,No,3758,1174,154.0,180.0,1.0,Urban,Y,0,4932,Approved,1,3.1224655312246554,855.5555555555555
LN100977,Male,Yes,2,Graduate,Yes,8607,0,164.0,360.0,0.0,Urban,N,2,8607,Rejected,0,1.9054258161961195,455.55555555555554
LN100978,Male,Yes,0,Graduate,No,8370,2553,339.0,360.0,1.0,Semiurban,Y,0,10923,Approved,1,3.1035429826970615,941.6666666666666
LN100979,Male,No,1,Graduate,Yes,10001,6467,380.0,360.0,0.0,Urban,N,1,16468,Rejected,0,2.307505465144523,1055.5555555555557
LN100980,Male,No,3+,Graduate,Yes,5210,2070,217.0,180.0,1.0,Urban,Y,3,7280,Approved,1,2.980769230769231,1205.5555555555557
LN100981,Male,Yes,0,Not Graduate,No,5966,0,142.0,360.0,1.0,Urban,Y,0,5966,Approved,1,2.380154207173986,394.44444444444446
LN100982,Male,No,0,Not Graduate,No,8872,6328,367.0,360.0,0.0,Semiurban,N,0,15200,Rejected,0,2.4144736842105265,1019.4444444444445
LN100983,Male,Yes,1,Graduate,No,5578,0,150.0,360.0,0.0,Semiurban,Y,1,5578,Approved,1,2.6891358910003587,416.6666666666667
LN100984,Male,Yes,0,Graduate,No,3538,3008,189.0,180.0,1.0,Semiurban,N,0,6546,Rejected,0,2.8872593950504126,1050.0
LN100985,Male,Yes,0,Not Graduate,No,3628,0,67.0,360.0,1.0,Urban,N,0,3628,Rejected,0,1.846747519294377,186.11111111111111
LN100986,Male,Yes,3+,Not Graduate,No,5046,0,133.0,360.0,1.0,Urban,Y,3,5046,Approved,1,2.6357510899722554,369.44444444444446
LN100987,Male,No,0,Graduate,No,2422,4942,152.0,180.0,1.0,Urban,N,0,7364,Rejected,0,2.0640956002172732,844.4444444444445
LN100988,Male,Yes,0,Graduate,No,4201,0,96.0,360.0,1.0,Semiurban,N,0,4201,Rejected,0,2.2851701975720067,266.6666666666667
LN100989,Male,Yes,1,Graduate,No,7617,0,174.0,360.0,1.0,Rural,Y,1,7617,Approved,1,2.2843639228042534,483.3333333333333
LN100990,Female,No,2,Not Graduate,No,1572,0,40.0,360.0,1.0,Urban,N,2,1572,Rejected,0,2.5445292620865136,111.11111111111111
LN100991,Male,No,0,Graduate,No,9399,3617,295.0,360.0,1.0,Urban,Y,0,13016,Approved,1,2.266441303011678,819.4444444444445
LN100992,Male,Yes,2,Graduate,No,7712,0,150.0,360.0,1.0,Urban,Y,2,7712,Approved,1,1.9450207468879668,416.6666666666667
LN100993,Male,Yes,0,Graduate,No,3609,3105,135.0,360.0,1.0,Semiurban,Y,0,6714,Approved,1,2.0107238605898123,375.0
LN100994,Male,Yes,0,Graduate,No,5841,0,108.0,360.0,0.0,Semiurban,N,0,5841,Rejected,0,1.848998459167951,300.0
LN100995,Male,No,0,Graduate,Yes,4507,0,111.0,360.0,1.0,Semiurban,N,0,4507,Rejected,0,2.4628355890836473,308.3333333333333
LN100996,Male,No,2,Graduate,No,8121,0,255.0,240.0,0.0,Rural,Y,2,8121,Approved,1,3.1400073882526782,1062.5
LN100997,Female,No,0,Graduate,Yes,7212,0,141.0,360.0,1.0,Semiurban,Y,0,7212,Approved,1,1.9550748752079867,391.6666666666667
LN100998,Male,Yes,0,Graduate,No,2298,0,72.0,360.0,1.0,Urban,Y,0,2298,Approved,1,3.1331592689295036,200.0
LN100999,Female,Yes,0,Graduate,No,5965,0,169.0,360.0,1.0,Urban,N,0,5965,Rejected,0,2.8331936295054483,469.44444444444446
LN101000,Male,Yes,2,Graduate,No,4077,7971,324.0,360.0,1.0,Semiurban,Y,2,12048,Approved,1,2.689243027888446,900.0
